dataset,model_key,loss,eval_split,baseline,strategy,metric,n_seeds,n_queries_min,baseline_mean,strategy_mean,mean_diff,seed_sd_diff,paired_effect_dz,seed_win_rate,hierarchical_ci95_low,hierarchical_ci95_high
course_skill_atlas,bge-base,cached-mnrl,dev,CA-HNM-rank-matched,CA-HNM-full,NDCG@10,10,32,0.014528314524869764,0.020699258748896554,0.00617094422402679,0.007511195854550358,0.821566145194892,0.7,-0.0011743440107770359,0.013436837563156976
course_skill_atlas,bge-base,cached-mnrl,dev,CA-HNM-rank-matched,CA-HNM-full,MRR@10,10,32,0.02290426587301587,0.04417410714285715,0.02126984126984127,0.019962934241120008,1.065466680044924,0.8,0.00430047123015873,0.04048983134920633
course_skill_atlas,bge-base,cached-mnrl,dev,CA-HNM-rank-matched,CA-HNM-full,MAP@100,10,32,0.005938812440881611,0.005915620033353086,-2.319240752852496e-05,0.0008464024025987299,-0.02740115984703818,0.5,-0.0007435097745051871,0.0007491566217483636
course_skill_atlas,bge-base,cached-mnrl,dev,CA-HNM-rank-matched,CA-HNM-full,Recall@100,10,32,0.037343749999999995,0.0328125,-0.0045312500000000006,0.001719538960335331,-2.635154017746915,0.0,-0.00690625,-0.0020937500000000006
course_skill_atlas,bge-base,cached-mnrl,dev,CA-HNM-rank-matched,DPR-Random,NDCG@10,10,32,0.014528314524869764,0.07861357355199833,0.06408525902712855,0.0166856409811262,3.8407430136857177,1.0,0.044620222518998096,0.08510277055587606
course_skill_atlas,bge-base,cached-mnrl,dev,CA-HNM-rank-matched,DPR-Random,MRR@10,10,32,0.02290426587301587,0.1321205357142857,0.10921626984126984,0.03179994491997715,3.434479843160317,1.0,0.07421741691468255,0.14754839409722223
course_skill_atlas,bge-base,cached-mnrl,dev,CA-HNM-rank-matched,DPR-Random,MAP@100,10,32,0.005938812440881611,0.018564144724822863,0.012625332283941252,0.00262120081238587,4.8166215363138924,1.0,0.009294369350730934,0.0161146640578941
course_skill_atlas,bge-base,cached-mnrl,dev,CA-HNM-rank-matched,DPR-Random,Recall@100,10,32,0.037343749999999995,0.07809375,0.04075,0.006856350969073207,5.943394698405922,1.0,0.0310625,0.05068828124999999
course_skill_atlas,bge-base,cached-mnrl,dev,CA-HNM-rank-matched,DenseNeg,NDCG@10,10,32,0.014528314524869764,0.07709005724537023,0.06256174272050047,0.018253402975377586,3.427401608614644,1.0,0.04450706084692476,0.08300144265174011
course_skill_atlas,bge-base,cached-mnrl,dev,CA-HNM-rank-matched,DenseNeg,MRR@10,10,32,0.02290426587301587,0.15973586309523807,0.1368315972222222,0.035652511285780515,3.8379231164228114,1.0,0.09907043650793651,0.17778301711309516
course_skill_atlas,bge-base,cached-mnrl,dev,CA-HNM-rank-matched,DenseNeg,MAP@100,10,32,0.005938812440881611,0.015004147898466765,0.009065335457585155,0.0018339681625377023,4.9430168106305885,1.0,0.006637823267601865,0.011640339800568238
course_skill_atlas,bge-base,cached-mnrl,dev,CA-HNM-rank-matched,DenseNeg,Recall@100,10,32,0.037343749999999995,0.0704375,0.03309375,0.00640849384822813,5.164044904115811,1.0,0.024625,0.042125
course_skill_atlas,bge-base,triplet,dev,CA-HNM-rank-matched,CA-HNM-full,NDCG@10,10,32,0.05686579105320522,0.05847966861064184,0.0016138775574366306,0.009703188462908205,0.166324457533305,0.4,-0.009492599158573069,0.012582799490737796
course_skill_atlas,bge-base,triplet,dev,CA-HNM-rank-matched,CA-HNM-full,MRR@10,10,32,0.1043452380952381,0.10524305555555555,0.0008978174603174606,0.022960105221303463,0.03910336871994922,0.4,-0.021127914186507935,0.02482105654761902
course_skill_atlas,bge-base,triplet,dev,CA-HNM-rank-matched,CA-HNM-full,MAP@100,10,32,0.010864811256605217,0.011468373996169932,0.0006035627395647149,0.001451410593722239,0.41584562092580435,0.7,-0.0009157751121545523,0.002065060978750751
course_skill_atlas,bge-base,triplet,dev,CA-HNM-rank-matched,CA-HNM-full,Recall@100,10,32,0.05,0.0485,-0.0014999999999999994,0.0034479009314847394,-0.4350473026364094,0.4,-0.00575,0.00284375
course_skill_atlas,bge-base,triplet,dev,CA-HNM-rank-matched,DPR-Random,NDCG@10,10,32,0.05686579105320522,0.22827402286999549,0.17140823181679027,0.047110382369875164,3.638438560549609,1.0,0.1278697455306769,0.21611199597515784
course_skill_atlas,bge-base,triplet,dev,CA-HNM-rank-matched,DPR-Random,MRR@10,10,32,0.1043452380952381,0.32029761904761905,0.21595238095238095,0.06701975506729649,3.222219787815352,1.0,0.15197166418650793,0.2803425099206349
course_skill_atlas,bge-base,triplet,dev,CA-HNM-rank-matched,DPR-Random,MAP@100,10,32,0.010864811256605217,0.07125707185724582,0.06039226060064061,0.010492069040317204,5.7559915369004075,1.0,0.048557923344371666,0.07328933259809732
course_skill_atlas,bge-base,triplet,dev,CA-HNM-rank-matched,DPR-Random,Recall@100,10,32,0.05,0.155,0.10500000000000001,0.014693778209009264,7.145881645036733,1.0,0.08653046875,0.12340703125
course_skill_atlas,bge-base,triplet,dev,CA-HNM-rank-matched,DenseNeg,NDCG@10,10,32,0.05686579105320522,0.044731290352392386,-0.012134500700812822,0.01914393879943187,-0.6338560119703754,0.2,-0.03434517512556813,0.00937941938820844
course_skill_atlas,bge-base,triplet,dev,CA-HNM-rank-matched,DenseNeg,MRR@10,10,32,0.1043452380952381,0.09000868055555555,-0.01433655753968254,0.045394488960361294,-0.3158215428353274,0.3,-0.06070603918650793,0.03100263516865076
course_skill_atlas,bge-base,triplet,dev,CA-HNM-rank-matched,DenseNeg,MAP@100,10,32,0.010864811256605217,0.007412264521427058,-0.0034525467351781596,0.0030698753634324735,-1.1246537160120453,0.0,-0.007400453928797475,0.00025368635274036213
course_skill_atlas,bge-base,triplet,dev,CA-HNM-rank-matched,DenseNeg,Recall@100,10,32,0.05,0.03815625,-0.01184375,0.007995020694330803,-1.481390787193121,0.0,-0.021562500000000002,-0.00290625
course_skill_atlas,e5-base,cached-mnrl,dev,CA-HNM-rank-matched,CA-HNM-full,NDCG@10,10,32,0.07643548205491674,0.07383338287640898,-0.0026020991785077677,0.015093913847808416,-0.17239393339227144,0.5,-0.015295320653593044,0.010506533433992946
course_skill_atlas,e5-base,cached-mnrl,dev,CA-HNM-rank-matched,CA-HNM-full,MRR@10,10,32,0.10784598214285715,0.09351314484126985,-0.014332837301587301,0.02910834888753174,-0.4923960942259636,0.4,-0.03740302579365079,0.007633277529761898
course_skill_atlas,e5-base,cached-mnrl,dev,CA-HNM-rank-matched,CA-HNM-full,MAP@100,10,32,0.018019055247442205,0.018989053048992184,0.0009699978015499785,0.001819027823742803,0.5332506676858445,0.6,-0.0006450734408075003,0.0027215796522469227
course_skill_atlas,e5-base,cached-mnrl,dev,CA-HNM-rank-matched,CA-HNM-full,Recall@100,10,32,0.07609375,0.07646875,0.0003749999999999998,0.004798003056828261,0.07815751585783587,0.4,-0.00375,0.004718749999999999
course_skill_atlas,e5-base,cached-mnrl,dev,CA-HNM-rank-matched,DPR-Random,NDCG@10,10,32,0.07643548205491674,0.17770315314699772,0.10126767109208097,0.04327469052944284,2.3401131204666012,1.0,0.05982569603789538,0.14186900167761482
course_skill_atlas,e5-base,cached-mnrl,dev,CA-HNM-rank-matched,DPR-Random,MRR@10,10,32,0.10784598214285715,0.24222594246031748,0.1343799603174603,0.06453843183590302,2.082169592517185,1.0,0.07530750868055555,0.19408038814484124
course_skill_atlas,e5-base,cached-mnrl,dev,CA-HNM-rank-matched,DPR-Random,MAP@100,10,32,0.018019055247442205,0.04766583437403755,0.02964677912659534,0.008440051876352411,3.5126299649485055,1.0,0.02196974224841716,0.03744265991158442
course_skill_atlas,e5-base,cached-mnrl,dev,CA-HNM-rank-matched,DPR-Random,Recall@100,10,32,0.07609375,0.144125,0.06803125,0.020502609293629487,3.3181752149536634,1.0,0.052405468749999996,0.08456406249999998
course_skill_atlas,e5-base,cached-mnrl,dev,CA-HNM-rank-matched,DenseNeg,NDCG@10,10,32,0.07643548205491674,0.07968313369520552,0.0032476516402887854,0.021041016219549805,0.15434861160704302,0.6,-0.027481617406546463,0.03165479427402564
course_skill_atlas,e5-base,cached-mnrl,dev,CA-HNM-rank-matched,DenseNeg,MRR@10,10,32,0.10784598214285715,0.14471354166666667,0.036867559523809525,0.02738402994120361,1.3463160682692814,0.9,-0.0061395399305555565,0.08024993799603174
course_skill_atlas,e5-base,cached-mnrl,dev,CA-HNM-rank-matched,DenseNeg,MAP@100,10,32,0.018019055247442205,0.013721794066941373,-0.004297261180500833,0.0028130186333550997,-1.527633386265725,0.0,-0.008866140791440248,-0.00013774617424711474
course_skill_atlas,e5-base,cached-mnrl,dev,CA-HNM-rank-matched,DenseNeg,Recall@100,10,32,0.07609375,0.06859375,-0.0075,0.007029513674501245,-1.066930138738529,0.1,-0.018,0.002719531249999989
course_skill_atlas,e5-base,triplet,dev,CA-HNM-rank-matched,CA-HNM-full,NDCG@10,10,32,0.20362594968559394,0.294711478226066,0.09108552854047211,0.036918399228741725,2.4672122963977317,1.0,0.06172709438938064,0.12282166241551291
course_skill_atlas,e5-base,triplet,dev,CA-HNM-rank-matched,CA-HNM-full,MRR@10,10,32,0.35126488095238095,0.477702132936508,0.12643725198412697,0.04150123071279371,3.0465904218389785,1.0,0.07965169270833332,0.1721075768849205
course_skill_atlas,e5-base,triplet,dev,CA-HNM-rank-matched,CA-HNM-full,MAP@100,10,32,0.03635837825438633,0.05741072067297816,0.021052342418591833,0.008195407611244777,2.5687974799089037,1.0,0.015155821919784887,0.02768119029349485
course_skill_atlas,e5-base,triplet,dev,CA-HNM-rank-matched,CA-HNM-full,Recall@100,10,32,0.09812499999999999,0.13403125,0.03590625,0.007240070427258748,4.959378553116493,1.0,0.027749218750000002,0.044687500000000005
course_skill_atlas,e5-base,triplet,dev,CA-HNM-rank-matched,DPR-Random,NDCG@10,10,32,0.20362594968559394,0.07049140340493862,-0.1331345462806553,0.026513161669602107,-5.021451154703169,0.0,-0.16919188188177742,-0.09765265454527775
course_skill_atlas,e5-base,triplet,dev,CA-HNM-rank-matched,DPR-Random,MRR@10,10,32,0.35126488095238095,0.0935280257936508,-0.2577368551587301,0.040750331039539886,-6.324779421022349,0.0,-0.3167695622519841,-0.2020957341269842
course_skill_atlas,e5-base,triplet,dev,CA-HNM-rank-matched,DPR-Random,MAP@100,10,32,0.03635837825438633,0.014642756419985989,-0.021715621834400338,0.0034816753536362063,-6.237118521610835,0.0,-0.028039126397036814,-0.015641609902043718
course_skill_atlas,e5-base,triplet,dev,CA-HNM-rank-matched,DPR-Random,Recall@100,10,32,0.09812499999999999,0.05809375,-0.040031250000000004,0.007530969047318325,-5.315550993302062,0.0,-0.05359609375000001,-0.0265625
course_skill_atlas,e5-base,triplet,dev,CA-HNM-rank-matched,DenseNeg,NDCG@10,10,32,0.20362594968559394,0.01577555552605142,-0.1878503941595425,0.028515457289849083,-6.58766900527362,0.0,-0.22285417579343506,-0.15441197567441162
course_skill_atlas,e5-base,triplet,dev,CA-HNM-rank-matched,DenseNeg,MRR@10,10,32,0.35126488095238095,0.04229786706349206,-0.30896701388888886,0.04336836963236871,-7.12424784486909,0.0,-0.3649766865079365,-0.25240342881944444
course_skill_atlas,e5-base,triplet,dev,CA-HNM-rank-matched,DenseNeg,MAP@100,10,32,0.03635837825438633,0.0010769380576981591,-0.03528144019668817,0.004074251116338762,-8.659613555777357,0.0,-0.04158396253352796,-0.029331353036040276
course_skill_atlas,e5-base,triplet,dev,CA-HNM-rank-matched,DenseNeg,Recall@100,10,32,0.09812499999999999,0.00821875,-0.08990625,0.0072304723844834485,-12.434353555230814,0.0,-0.10165703125,-0.07887421875000002
mooccubex,bge-base,cached-mnrl,dev,CA-HNM-rank-matched,CA-HNM-full,NDCG@10,10,500,0.1680035553170322,0.17182170593006313,0.0038181506130308906,0.014373927992022386,0.2656302866655507,0.6,-0.005873435745258558,0.013205539100327613
mooccubex,bge-base,cached-mnrl,dev,CA-HNM-rank-matched,CA-HNM-full,MRR@10,10,500,0.1489068253968254,0.15543960317460317,0.006532777777777778,0.01402457241217383,0.46580940835722684,0.8,-0.004215154761904762,0.016216009920634912
mooccubex,bge-base,cached-mnrl,dev,CA-HNM-rank-matched,CA-HNM-full,MAP@100,10,500,0.14583866800553272,0.15053445480961267,0.004695786804079951,0.01164439918168812,0.40326570145967716,0.7,-0.003532843366849308,0.012930933449741017
mooccubex,bge-base,cached-mnrl,dev,CA-HNM-rank-matched,CA-HNM-full,Recall@100,10,500,0.5475785758685758,0.5683368215118214,0.020758245643245642,0.03226140238848856,0.6434390357020732,0.7,0.00031445331751581856,0.040618985181485184
mooccubex,bge-base,cached-mnrl,dev,CA-HNM-rank-matched,DPR-Random,NDCG@10,10,500,0.1680035553170322,0.3179525364731671,0.14994898115613495,0.021187114117995974,7.07736694676935,1.0,0.13628449720304547,0.16519380574896214
mooccubex,bge-base,cached-mnrl,dev,CA-HNM-rank-matched,DPR-Random,MRR@10,10,500,0.1489068253968254,0.2918077777777778,0.14290095238095238,0.02090564999673686,6.8355182643571295,1.0,0.1288553115079365,0.15807614682539683
mooccubex,bge-base,cached-mnrl,dev,CA-HNM-rank-matched,DPR-Random,MAP@100,10,500,0.14583866800553272,0.28682953788987886,0.14099086988434612,0.01666236199099496,8.461637669409866,1.0,0.12927168318792143,0.15261174951439843
mooccubex,bge-base,cached-mnrl,dev,CA-HNM-rank-matched,DPR-Random,Recall@100,10,500,0.5475785758685758,0.8894312978687978,0.341852722000222,0.02677841692478828,12.765979518519458,1.0,0.3233370592948718,0.36310407158119656
mooccubex,bge-base,cached-mnrl,dev,CA-HNM-rank-matched,DenseNeg,NDCG@10,10,500,0.1680035553170322,0.27425114751389595,0.10624759219686375,0.01872765529912326,5.6732992197820815,1.0,0.09296818820309621,0.11942129091793958
mooccubex,bge-base,cached-mnrl,dev,CA-HNM-rank-matched,DenseNeg,MRR@10,10,500,0.1489068253968254,0.2668515079365079,0.11794468253968253,0.020384137088789587,5.78610132113697,1.0,0.10364040476190475,0.13276265277777777
mooccubex,bge-base,cached-mnrl,dev,CA-HNM-rank-matched,DenseNeg,MAP@100,10,500,0.14583866800553272,0.25150412011911377,0.10566545211358107,0.01685280116753718,6.269904395307283,1.0,0.09337313186920826,0.11724429410022684
mooccubex,bge-base,cached-mnrl,dev,CA-HNM-rank-matched,DenseNeg,Recall@100,10,500,0.5475785758685758,0.7193879917304917,0.17180941586191587,0.0368038540605587,4.668245221796962,1.0,0.14948285467310465,0.19641076526945278
mooccubex,bge-base,triplet,dev,CA-HNM-rank-matched,CA-HNM-full,NDCG@10,10,500,0.16533474021502104,0.24718958548401004,0.08185484526898902,0.037163285660612125,2.2025728838003062,1.0,0.05894112279656024,0.1041664726436171
mooccubex,bge-base,triplet,dev,CA-HNM-rank-matched,CA-HNM-full,MRR@10,10,500,0.17548992063492064,0.25917484126984125,0.08368492063492064,0.03440766538057843,2.432159221187875,1.0,0.060366398809523804,0.10515386507936508
mooccubex,bge-base,triplet,dev,CA-HNM-rank-matched,CA-HNM-full,MAP@100,10,500,0.12944057357686614,0.18798406163829187,0.05854348806142573,0.022718611551443498,2.576895508286728,1.0,0.043845963507342205,0.073126097643211
mooccubex,bge-base,triplet,dev,CA-HNM-rank-matched,CA-HNM-full,Recall@100,10,500,0.5683539407814407,0.591814174991675,0.02346023421023421,0.013425318612541374,1.7474620072196003,0.9,0.013948005432067935,0.03265996252358752
mooccubex,bge-base,triplet,dev,CA-HNM-rank-matched,DPR-Random,NDCG@10,10,500,0.16533474021502104,0.3351512739993355,0.16981653378431444,0.039554822058109416,4.293194228881612,1.0,0.1451939600871553,0.19466468005673626
mooccubex,bge-base,triplet,dev,CA-HNM-rank-matched,DPR-Random,MRR@10,10,500,0.17548992063492064,0.3338709523809524,0.15838103174603174,0.037603377127545044,4.2118831829605865,1.0,0.13522785912698412,0.18287729365079364
mooccubex,bge-base,triplet,dev,CA-HNM-rank-matched,DPR-Random,MAP@100,10,500,0.12944057357686614,0.2697706643732122,0.14033009079634612,0.028344656572087092,4.950848158609856,1.0,0.1228148812771306,0.1583531099672893
mooccubex,bge-base,triplet,dev,CA-HNM-rank-matched,DPR-Random,Recall@100,10,500,0.5683539407814407,0.9264336105561105,0.35807966977466976,0.007766777457662202,46.104020840897334,1.0,0.34610419019175265,0.36982452627233875
mooccubex,bge-base,triplet,dev,CA-HNM-rank-matched,DenseNeg,NDCG@10,10,500,0.16533474021502104,0.3510798160545604,0.1857450758395394,0.038328522648096455,4.8461318883827165,1.0,0.16302235078307953,0.20955469778929445
mooccubex,bge-base,triplet,dev,CA-HNM-rank-matched,DenseNeg,MRR@10,10,500,0.17548992063492064,0.35051301587301587,0.17502309523809526,0.03401195995999025,5.145927945463376,1.0,0.15280179365079366,0.1963943511904762
mooccubex,bge-base,triplet,dev,CA-HNM-rank-matched,DenseNeg,MAP@100,10,500,0.12944057357686614,0.2709716894035875,0.1415311158267214,0.025943292538530408,5.455402995457208,1.0,0.1259173938012723,0.1577666039734368
mooccubex,bge-base,triplet,dev,CA-HNM-rank-matched,DenseNeg,Recall@100,10,500,0.5683539407814407,0.9287686951936951,0.3604147544122544,0.008025281304509193,44.90992162601788,1.0,0.3486672984792985,0.37196058254939507
mooccubex,e5-base,cached-mnrl,dev,CA-HNM-rank-matched,CA-HNM-full,NDCG@10,10,500,0.17503271471687792,0.17850801220083243,0.0034752974839544946,0.009523316136302784,0.36492514101329643,0.8,-0.00457732586171753,0.010879835786835388
mooccubex,e5-base,cached-mnrl,dev,CA-HNM-rank-matched,CA-HNM-full,MRR@10,10,500,0.1631702380952381,0.16823214285714286,0.005061904761904762,0.013974914252082896,0.36221365445232045,0.6,-0.005134097222222222,0.015400450396825383
mooccubex,e5-base,cached-mnrl,dev,CA-HNM-rank-matched,CA-HNM-full,MAP@100,10,500,0.1582875325814097,0.1635394076199811,0.005251875038571377,0.008503294464549505,0.6176282687218001,0.8,-0.002039202317513908,0.012108830795107066
mooccubex,e5-base,cached-mnrl,dev,CA-HNM-rank-matched,CA-HNM-full,Recall@100,10,500,0.5625106327006327,0.5731175646575647,0.010606931956931956,0.02967401108895697,0.35744854058099584,0.5,-0.0072831638777888785,0.03015434552947053
mooccubex,e5-base,cached-mnrl,dev,CA-HNM-rank-matched,DPR-Random,NDCG@10,10,500,0.17503271471687792,0.3661745357880196,0.19114182107114167,0.014422818629878806,13.252736928630975,1.0,0.17900368529026858,0.20186547957699413
mooccubex,e5-base,cached-mnrl,dev,CA-HNM-rank-matched,DPR-Random,MRR@10,10,500,0.1631702380952381,0.3390652380952381,0.175895,0.01636138513211497,10.75061790793887,1.0,0.1625850992063492,0.18820304960317458
mooccubex,e5-base,cached-mnrl,dev,CA-HNM-rank-matched,DPR-Random,MAP@100,10,500,0.1582875325814097,0.3313983660813559,0.17311083349994622,0.012887415378271826,13.43254860798628,1.0,0.1627848515910176,0.1828273312281952
mooccubex,e5-base,cached-mnrl,dev,CA-HNM-rank-matched,DPR-Random,Recall@100,10,500,0.5625106327006327,0.9098578452103452,0.3473472125097125,0.027857508089671985,12.46871081905885,1.0,0.32675199845293595,0.367145887480575
mooccubex,e5-base,cached-mnrl,dev,CA-HNM-rank-matched,DenseNeg,NDCG@10,10,500,0.17503271471687792,0.26492358570349417,0.08989087098661622,0.01515534187161636,5.931299455208469,1.0,0.07878204705057595,0.10079600129493763
mooccubex,e5-base,cached-mnrl,dev,CA-HNM-rank-matched,DenseNeg,MRR@10,10,500,0.1631702380952381,0.251569126984127,0.08839888888888889,0.011584839976743316,7.630566245744486,1.0,0.07804004365079366,0.09857485714285713
mooccubex,e5-base,cached-mnrl,dev,CA-HNM-rank-matched,DenseNeg,MAP@100,10,500,0.1582875325814097,0.23745584003304848,0.07916830745163879,0.010483404091905707,7.5517748583940465,1.0,0.07047534516207404,0.08777101696089085
mooccubex,e5-base,cached-mnrl,dev,CA-HNM-rank-matched,DenseNeg,Recall@100,10,500,0.5625106327006327,0.6316818487068486,0.06917121600621601,0.03168980572309685,2.1827592321211724,1.0,0.04875028746253747,0.08979715062021311
mooccubex,e5-base,triplet,dev,CA-HNM-rank-matched,CA-HNM-full,NDCG@10,10,500,0.06937547825756529,0.09620855353461658,0.026833075277051293,0.0332507875906828,0.8069906676306876,0.9,0.007913097921952321,0.04945683038476317
mooccubex,e5-base,triplet,dev,CA-HNM-rank-matched,CA-HNM-full,MRR@10,10,500,0.06750626984126984,0.11383190476190477,0.04632563492063492,0.041625015458346216,1.1129277529516493,0.9,0.02275912896825397,0.07401883134920632
mooccubex,e5-base,triplet,dev,CA-HNM-rank-matched,CA-HNM-full,MAP@100,10,500,0.0535643405794381,0.07274051568693611,0.019176175107498018,0.026574193689346368,0.7216089162165539,0.8,0.0034076113378663352,0.03623915638418484
mooccubex,e5-base,triplet,dev,CA-HNM-rank-matched,CA-HNM-full,Recall@100,10,500,0.36289759462759463,0.3755560103785104,0.012658415750915752,0.06180899344720605,0.20479893046192213,0.8,-0.02632785298035298,0.050074336573149025
mooccubex,e5-base,triplet,dev,CA-HNM-rank-matched,DPR-Random,NDCG@10,10,500,0.06937547825756529,0.39301831662582215,0.32364283836825686,0.04773047225194832,6.780633484200358,1.0,0.29389932698186416,0.35383954801382983
mooccubex,e5-base,triplet,dev,CA-HNM-rank-matched,DPR-Random,MRR@10,10,500,0.06750626984126984,0.3962544444444444,0.3287481746031746,0.04612702690479971,7.127018510897502,1.0,0.3009911706349207,0.3587612876984127
mooccubex,e5-base,triplet,dev,CA-HNM-rank-matched,DPR-Random,MAP@100,10,500,0.0535643405794381,0.29817762278402704,0.24461328220458894,0.03381418136608255,7.23404418862996,1.0,0.22254619030683864,0.2654379265276276
mooccubex,e5-base,triplet,dev,CA-HNM-rank-matched,DPR-Random,Recall@100,10,500,0.36289759462759463,0.9157628774003774,0.5528652827727828,0.017265787297043606,32.020855652927516,1.0,0.5372954955530581,0.56828648756105
mooccubex,e5-base,triplet,dev,CA-HNM-rank-matched,DenseNeg,NDCG@10,10,500,0.06937547825756529,0.17550034326015176,0.10612486500258644,0.04930315515386702,2.152496420794739,1.0,0.07781756616445508,0.1378801180113836
mooccubex,e5-base,triplet,dev,CA-HNM-rank-matched,DenseNeg,MRR@10,10,500,0.06750626984126984,0.19459174603174603,0.1270854761904762,0.07163050104861106,1.7741810308465018,1.0,0.0868354503968254,0.17182286309523806
mooccubex,e5-base,triplet,dev,CA-HNM-rank-matched,DenseNeg,MAP@100,10,500,0.0535643405794381,0.1307445453784894,0.07718020479905129,0.03739128265583618,2.06412295372287,1.0,0.05528502983342771,0.10126415281360689
mooccubex,e5-base,triplet,dev,CA-HNM-rank-matched,DenseNeg,Recall@100,10,500,0.36289759462759463,0.5494280333555334,0.18653043872793873,0.037101593558885086,5.027558679707126,1.0,0.16293846062964812,0.21047122653735154
