dataset,model_key,loss,eval_split,training_seed,strategy,metric,n_queries,mean
course_skill_atlas,bge-base,cached-mnrl,dev,11,CA-HNM-full,NDCG@10,32,0.02984504380464592
course_skill_atlas,bge-base,cached-mnrl,dev,11,CA-HNM-full,MRR@10,32,0.03515625
course_skill_atlas,bge-base,cached-mnrl,dev,11,CA-HNM-full,MAP@100,32,0.00621083132068792
course_skill_atlas,bge-base,cached-mnrl,dev,11,CA-HNM-full,Recall@100,32,0.0378125
course_skill_atlas,bge-base,cached-mnrl,dev,11,CA-HNM-label-only,NDCG@10,32,0.02239898385946043
course_skill_atlas,bge-base,cached-mnrl,dev,11,CA-HNM-label-only,MRR@10,32,0.03050595238095238
course_skill_atlas,bge-base,cached-mnrl,dev,11,CA-HNM-label-only,MAP@100,32,0.006026597278201283
course_skill_atlas,bge-base,cached-mnrl,dev,11,CA-HNM-label-only,Recall@100,32,0.036875
course_skill_atlas,bge-base,cached-mnrl,dev,11,CA-HNM-matched-mixed,NDCG@10,32,0.12816222877422329
course_skill_atlas,bge-base,cached-mnrl,dev,11,CA-HNM-matched-mixed,MRR@10,32,0.17708333333333334
course_skill_atlas,bge-base,cached-mnrl,dev,11,CA-HNM-matched-mixed,MAP@100,32,0.022800908007483103
course_skill_atlas,bge-base,cached-mnrl,dev,11,CA-HNM-matched-mixed,Recall@100,32,0.0725
course_skill_atlas,bge-base,cached-mnrl,dev,11,CA-HNM-mixed,NDCG@10,32,0.10141112325641134
course_skill_atlas,bge-base,cached-mnrl,dev,11,CA-HNM-mixed,MRR@10,32,0.14873511904761905
course_skill_atlas,bge-base,cached-mnrl,dev,11,CA-HNM-mixed,MAP@100,32,0.023880554493551788
course_skill_atlas,bge-base,cached-mnrl,dev,11,CA-HNM-mixed,Recall@100,32,0.081875
course_skill_atlas,bge-base,cached-mnrl,dev,11,CA-HNM-no-ontology,NDCG@10,32,0.09272017804469736
course_skill_atlas,bge-base,cached-mnrl,dev,11,CA-HNM-no-ontology,MRR@10,32,0.13076636904761904
course_skill_atlas,bge-base,cached-mnrl,dev,11,CA-HNM-no-ontology,MAP@100,32,0.015494926492227877
course_skill_atlas,bge-base,cached-mnrl,dev,11,CA-HNM-no-ontology,Recall@100,32,0.0684375
course_skill_atlas,bge-base,cached-mnrl,dev,11,CA-HNM-rank-matched,NDCG@10,32,0.03683101832307783
course_skill_atlas,bge-base,cached-mnrl,dev,11,CA-HNM-rank-matched,MRR@10,32,0.05078125
course_skill_atlas,bge-base,cached-mnrl,dev,11,CA-HNM-rank-matched,MAP@100,32,0.007164313646302384
course_skill_atlas,bge-base,cached-mnrl,dev,11,CA-HNM-rank-matched,Recall@100,32,0.043125000000000004
course_skill_atlas,bge-base,cached-mnrl,dev,11,CA-HNM-shuffled-graph,NDCG@10,32,0.12079640053886867
course_skill_atlas,bge-base,cached-mnrl,dev,11,CA-HNM-shuffled-graph,MRR@10,32,0.18072916666666666
course_skill_atlas,bge-base,cached-mnrl,dev,11,CA-HNM-shuffled-graph,MAP@100,32,0.02174188145817713
course_skill_atlas,bge-base,cached-mnrl,dev,11,CA-HNM-shuffled-graph,Recall@100,32,0.079375
course_skill_atlas,bge-base,cached-mnrl,dev,11,DPR-Random,NDCG@10,32,0.07209663226051963
course_skill_atlas,bge-base,cached-mnrl,dev,11,DPR-Random,MRR@10,32,0.1234375
course_skill_atlas,bge-base,cached-mnrl,dev,11,DPR-Random,MAP@100,32,0.019825575434354988
course_skill_atlas,bge-base,cached-mnrl,dev,11,DPR-Random,Recall@100,32,0.0775
course_skill_atlas,bge-base,cached-mnrl,dev,11,DenseNeg,NDCG@10,32,0.06262228911628882
course_skill_atlas,bge-base,cached-mnrl,dev,11,DenseNeg,MRR@10,32,0.11488095238095238
course_skill_atlas,bge-base,cached-mnrl,dev,11,DenseNeg,MAP@100,32,0.011953849364464187
course_skill_atlas,bge-base,cached-mnrl,dev,11,DenseNeg,Recall@100,32,0.0621875
course_skill_atlas,bge-base,cached-mnrl,dev,111,CA-HNM-full,NDCG@10,32,0.022558833014203
course_skill_atlas,bge-base,cached-mnrl,dev,111,CA-HNM-full,MRR@10,32,0.04196428571428572
course_skill_atlas,bge-base,cached-mnrl,dev,111,CA-HNM-full,MAP@100,32,0.006216990389656557
course_skill_atlas,bge-base,cached-mnrl,dev,111,CA-HNM-full,Recall@100,32,0.0378125
course_skill_atlas,bge-base,cached-mnrl,dev,111,CA-HNM-label-only,NDCG@10,32,0.023585277118034268
course_skill_atlas,bge-base,cached-mnrl,dev,111,CA-HNM-label-only,MRR@10,32,0.03211805555555555
course_skill_atlas,bge-base,cached-mnrl,dev,111,CA-HNM-label-only,MAP@100,32,0.007245384083792814
course_skill_atlas,bge-base,cached-mnrl,dev,111,CA-HNM-label-only,Recall@100,32,0.040625
course_skill_atlas,bge-base,cached-mnrl,dev,111,CA-HNM-matched-mixed,NDCG@10,32,0.0977769547261939
course_skill_atlas,bge-base,cached-mnrl,dev,111,CA-HNM-matched-mixed,MRR@10,32,0.17864583333333334
course_skill_atlas,bge-base,cached-mnrl,dev,111,CA-HNM-matched-mixed,MAP@100,32,0.018435571220997243
course_skill_atlas,bge-base,cached-mnrl,dev,111,CA-HNM-matched-mixed,Recall@100,32,0.075625
course_skill_atlas,bge-base,cached-mnrl,dev,111,CA-HNM-mixed,NDCG@10,32,0.07666567766089857
course_skill_atlas,bge-base,cached-mnrl,dev,111,CA-HNM-mixed,MRR@10,32,0.08571428571428572
course_skill_atlas,bge-base,cached-mnrl,dev,111,CA-HNM-mixed,MAP@100,32,0.017714885205826893
course_skill_atlas,bge-base,cached-mnrl,dev,111,CA-HNM-mixed,Recall@100,32,0.07875
course_skill_atlas,bge-base,cached-mnrl,dev,111,CA-HNM-no-ontology,NDCG@10,32,0.11451671363417978
course_skill_atlas,bge-base,cached-mnrl,dev,111,CA-HNM-no-ontology,MRR@10,32,0.21123511904761905
course_skill_atlas,bge-base,cached-mnrl,dev,111,CA-HNM-no-ontology,MAP@100,32,0.020156968466105263
course_skill_atlas,bge-base,cached-mnrl,dev,111,CA-HNM-no-ontology,Recall@100,32,0.08
course_skill_atlas,bge-base,cached-mnrl,dev,111,CA-HNM-rank-matched,NDCG@10,32,0.026220989483025786
course_skill_atlas,bge-base,cached-mnrl,dev,111,CA-HNM-rank-matched,MRR@10,32,0.050347222222222224
course_skill_atlas,bge-base,cached-mnrl,dev,111,CA-HNM-rank-matched,MAP@100,32,0.00792203736001053
course_skill_atlas,bge-base,cached-mnrl,dev,111,CA-HNM-rank-matched,Recall@100,32,0.045625
course_skill_atlas,bge-base,cached-mnrl,dev,111,CA-HNM-shuffled-graph,NDCG@10,32,0.14229358777833995
course_skill_atlas,bge-base,cached-mnrl,dev,111,CA-HNM-shuffled-graph,MRR@10,32,0.2359375
course_skill_atlas,bge-base,cached-mnrl,dev,111,CA-HNM-shuffled-graph,MAP@100,32,0.022634694848833264
course_skill_atlas,bge-base,cached-mnrl,dev,111,CA-HNM-shuffled-graph,Recall@100,32,0.0740625
course_skill_atlas,bge-base,cached-mnrl,dev,111,DPR-Random,NDCG@10,32,0.06368073774270039
course_skill_atlas,bge-base,cached-mnrl,dev,111,DPR-Random,MRR@10,32,0.08394097222222222
course_skill_atlas,bge-base,cached-mnrl,dev,111,DPR-Random,MAP@100,32,0.01843795785576685
course_skill_atlas,bge-base,cached-mnrl,dev,111,DPR-Random,Recall@100,32,0.083125
course_skill_atlas,bge-base,cached-mnrl,dev,111,DenseNeg,NDCG@10,32,0.06685304288617401
course_skill_atlas,bge-base,cached-mnrl,dev,111,DenseNeg,MRR@10,32,0.14201388888888888
course_skill_atlas,bge-base,cached-mnrl,dev,111,DenseNeg,MAP@100,32,0.010866930454643296
course_skill_atlas,bge-base,cached-mnrl,dev,111,DenseNeg,Recall@100,32,0.06125
course_skill_atlas,bge-base,cached-mnrl,dev,22,CA-HNM-full,NDCG@10,32,0.023038478321173124
course_skill_atlas,bge-base,cached-mnrl,dev,22,CA-HNM-full,MRR@10,32,0.04791666666666666
course_skill_atlas,bge-base,cached-mnrl,dev,22,CA-HNM-full,MAP@100,32,0.005982320680086401
course_skill_atlas,bge-base,cached-mnrl,dev,22,CA-HNM-full,Recall@100,32,0.035312500000000004
course_skill_atlas,bge-base,cached-mnrl,dev,22,CA-HNM-label-only,NDCG@10,32,0.02742429836547232
course_skill_atlas,bge-base,cached-mnrl,dev,22,CA-HNM-label-only,MRR@10,32,0.05078125
course_skill_atlas,bge-base,cached-mnrl,dev,22,CA-HNM-label-only,MAP@100,32,0.006380254441478338
course_skill_atlas,bge-base,cached-mnrl,dev,22,CA-HNM-label-only,Recall@100,32,0.036875
course_skill_atlas,bge-base,cached-mnrl,dev,22,CA-HNM-matched-mixed,NDCG@10,32,0.0853516932576236
course_skill_atlas,bge-base,cached-mnrl,dev,22,CA-HNM-matched-mixed,MRR@10,32,0.11930803571428572
course_skill_atlas,bge-base,cached-mnrl,dev,22,CA-HNM-matched-mixed,MAP@100,32,0.023548496862666524
course_skill_atlas,bge-base,cached-mnrl,dev,22,CA-HNM-matched-mixed,Recall@100,32,0.0865625
course_skill_atlas,bge-base,cached-mnrl,dev,22,CA-HNM-mixed,NDCG@10,32,0.0910770133299995
course_skill_atlas,bge-base,cached-mnrl,dev,22,CA-HNM-mixed,MRR@10,32,0.13550347222222223
course_skill_atlas,bge-base,cached-mnrl,dev,22,CA-HNM-mixed,MAP@100,32,0.024685323819380756
course_skill_atlas,bge-base,cached-mnrl,dev,22,CA-HNM-mixed,Recall@100,32,0.0825
course_skill_atlas,bge-base,cached-mnrl,dev,22,CA-HNM-no-ontology,NDCG@10,32,0.10723997570964894
course_skill_atlas,bge-base,cached-mnrl,dev,22,CA-HNM-no-ontology,MRR@10,32,0.20168650793650794
course_skill_atlas,bge-base,cached-mnrl,dev,22,CA-HNM-no-ontology,MAP@100,32,0.016683726975426312
course_skill_atlas,bge-base,cached-mnrl,dev,22,CA-HNM-no-ontology,Recall@100,32,0.06625
course_skill_atlas,bge-base,cached-mnrl,dev,22,CA-HNM-rank-matched,NDCG@10,32,0.03416791774840037
course_skill_atlas,bge-base,cached-mnrl,dev,22,CA-HNM-rank-matched,MRR@10,32,0.05029761904761905
course_skill_atlas,bge-base,cached-mnrl,dev,22,CA-HNM-rank-matched,MAP@100,32,0.007227857325147553
course_skill_atlas,bge-base,cached-mnrl,dev,22,CA-HNM-rank-matched,Recall@100,32,0.0428125
course_skill_atlas,bge-base,cached-mnrl,dev,22,CA-HNM-shuffled-graph,NDCG@10,32,0.10703759867906025
course_skill_atlas,bge-base,cached-mnrl,dev,22,CA-HNM-shuffled-graph,MRR@10,32,0.15729166666666666
course_skill_atlas,bge-base,cached-mnrl,dev,22,CA-HNM-shuffled-graph,MAP@100,32,0.019988340056227634
course_skill_atlas,bge-base,cached-mnrl,dev,22,CA-HNM-shuffled-graph,Recall@100,32,0.07062500000000001
course_skill_atlas,bge-base,cached-mnrl,dev,22,DPR-Random,NDCG@10,32,0.04784320643231448
course_skill_atlas,bge-base,cached-mnrl,dev,22,DPR-Random,MRR@10,32,0.08784722222222222
course_skill_atlas,bge-base,cached-mnrl,dev,22,DPR-Random,MAP@100,32,0.015174820045368527
course_skill_atlas,bge-base,cached-mnrl,dev,22,DPR-Random,Recall@100,32,0.073125
course_skill_atlas,bge-base,cached-mnrl,dev,22,DenseNeg,NDCG@10,32,0.07373060940774347
course_skill_atlas,bge-base,cached-mnrl,dev,22,DenseNeg,MRR@10,32,0.14479166666666668
course_skill_atlas,bge-base,cached-mnrl,dev,22,DenseNeg,MAP@100,32,0.014683178398354188
course_skill_atlas,bge-base,cached-mnrl,dev,22,DenseNeg,Recall@100,32,0.0640625
course_skill_atlas,bge-base,cached-mnrl,dev,33,CA-HNM-full,NDCG@10,32,0.02951016994370815
course_skill_atlas,bge-base,cached-mnrl,dev,33,CA-HNM-full,MRR@10,32,0.058854166666666666
course_skill_atlas,bge-base,cached-mnrl,dev,33,CA-HNM-full,MAP@100,32,0.006097398580994786
course_skill_atlas,bge-base,cached-mnrl,dev,33,CA-HNM-full,Recall@100,32,0.0365625
course_skill_atlas,bge-base,cached-mnrl,dev,33,CA-HNM-label-only,NDCG@10,32,0.023741070475487302
course_skill_atlas,bge-base,cached-mnrl,dev,33,CA-HNM-label-only,MRR@10,32,0.04487847222222222
course_skill_atlas,bge-base,cached-mnrl,dev,33,CA-HNM-label-only,MAP@100,32,0.006217951092117768
course_skill_atlas,bge-base,cached-mnrl,dev,33,CA-HNM-label-only,Recall@100,32,0.0359375
course_skill_atlas,bge-base,cached-mnrl,dev,33,CA-HNM-matched-mixed,NDCG@10,32,0.09013200842001097
course_skill_atlas,bge-base,cached-mnrl,dev,33,CA-HNM-matched-mixed,MRR@10,32,0.13489583333333333
course_skill_atlas,bge-base,cached-mnrl,dev,33,CA-HNM-matched-mixed,MAP@100,32,0.020733398894198358
course_skill_atlas,bge-base,cached-mnrl,dev,33,CA-HNM-matched-mixed,Recall@100,32,0.0790625
course_skill_atlas,bge-base,cached-mnrl,dev,33,CA-HNM-mixed,NDCG@10,32,0.10749170268214689
course_skill_atlas,bge-base,cached-mnrl,dev,33,CA-HNM-mixed,MRR@10,32,0.14453125
course_skill_atlas,bge-base,cached-mnrl,dev,33,CA-HNM-mixed,MAP@100,32,0.023228059806578164
course_skill_atlas,bge-base,cached-mnrl,dev,33,CA-HNM-mixed,Recall@100,32,0.0809375
course_skill_atlas,bge-base,cached-mnrl,dev,33,CA-HNM-no-ontology,NDCG@10,32,0.09215146284699832
course_skill_atlas,bge-base,cached-mnrl,dev,33,CA-HNM-no-ontology,MRR@10,32,0.1746031746031746
course_skill_atlas,bge-base,cached-mnrl,dev,33,CA-HNM-no-ontology,MAP@100,32,0.016222675025269574
course_skill_atlas,bge-base,cached-mnrl,dev,33,CA-HNM-no-ontology,Recall@100,32,0.065
course_skill_atlas,bge-base,cached-mnrl,dev,33,CA-HNM-rank-matched,NDCG@10,32,0.03366551944568571
course_skill_atlas,bge-base,cached-mnrl,dev,33,CA-HNM-rank-matched,MRR@10,32,0.06145833333333334
course_skill_atlas,bge-base,cached-mnrl,dev,33,CA-HNM-rank-matched,MAP@100,32,0.006472417725559497
course_skill_atlas,bge-base,cached-mnrl,dev,33,CA-HNM-rank-matched,Recall@100,32,0.036250000000000004
course_skill_atlas,bge-base,cached-mnrl,dev,33,CA-HNM-shuffled-graph,NDCG@10,32,0.10175719262877528
course_skill_atlas,bge-base,cached-mnrl,dev,33,CA-HNM-shuffled-graph,MRR@10,32,0.1701388888888889
course_skill_atlas,bge-base,cached-mnrl,dev,33,CA-HNM-shuffled-graph,MAP@100,32,0.02336270594225473
course_skill_atlas,bge-base,cached-mnrl,dev,33,CA-HNM-shuffled-graph,Recall@100,32,0.08
course_skill_atlas,bge-base,cached-mnrl,dev,33,DPR-Random,NDCG@10,32,0.0782724654386803
course_skill_atlas,bge-base,cached-mnrl,dev,33,DPR-Random,MRR@10,32,0.09270833333333334
course_skill_atlas,bge-base,cached-mnrl,dev,33,DPR-Random,MAP@100,32,0.017226448025267172
course_skill_atlas,bge-base,cached-mnrl,dev,33,DPR-Random,Recall@100,32,0.07375
course_skill_atlas,bge-base,cached-mnrl,dev,33,DenseNeg,NDCG@10,32,0.10112183336551465
course_skill_atlas,bge-base,cached-mnrl,dev,33,DenseNeg,MRR@10,32,0.2052827380952381
course_skill_atlas,bge-base,cached-mnrl,dev,33,DenseNeg,MAP@100,32,0.01795731540182918
course_skill_atlas,bge-base,cached-mnrl,dev,33,DenseNeg,Recall@100,32,0.074375
course_skill_atlas,bge-base,cached-mnrl,dev,44,CA-HNM-full,NDCG@10,32,0.03705163715017713
course_skill_atlas,bge-base,cached-mnrl,dev,44,CA-HNM-full,MRR@10,32,0.08203125
course_skill_atlas,bge-base,cached-mnrl,dev,44,CA-HNM-full,MAP@100,32,0.007137404315458716
course_skill_atlas,bge-base,cached-mnrl,dev,44,CA-HNM-full,Recall@100,32,0.0390625
course_skill_atlas,bge-base,cached-mnrl,dev,44,CA-HNM-label-only,NDCG@10,32,0.029287025301844877
course_skill_atlas,bge-base,cached-mnrl,dev,44,CA-HNM-label-only,MRR@10,32,0.05390625
course_skill_atlas,bge-base,cached-mnrl,dev,44,CA-HNM-label-only,MAP@100,32,0.006691592617046912
course_skill_atlas,bge-base,cached-mnrl,dev,44,CA-HNM-label-only,Recall@100,32,0.03875
course_skill_atlas,bge-base,cached-mnrl,dev,44,CA-HNM-matched-mixed,NDCG@10,32,0.11450392402762971
course_skill_atlas,bge-base,cached-mnrl,dev,44,CA-HNM-matched-mixed,MRR@10,32,0.17468998015873016
course_skill_atlas,bge-base,cached-mnrl,dev,44,CA-HNM-matched-mixed,MAP@100,32,0.02269888363009517
course_skill_atlas,bge-base,cached-mnrl,dev,44,CA-HNM-matched-mixed,Recall@100,32,0.080625
course_skill_atlas,bge-base,cached-mnrl,dev,44,CA-HNM-mixed,NDCG@10,32,0.11576138489173442
course_skill_atlas,bge-base,cached-mnrl,dev,44,CA-HNM-mixed,MRR@10,32,0.1496031746031746
course_skill_atlas,bge-base,cached-mnrl,dev,44,CA-HNM-mixed,MAP@100,32,0.023609296360697318
course_skill_atlas,bge-base,cached-mnrl,dev,44,CA-HNM-mixed,Recall@100,32,0.084375
course_skill_atlas,bge-base,cached-mnrl,dev,44,CA-HNM-no-ontology,NDCG@10,32,0.08373826216871173
course_skill_atlas,bge-base,cached-mnrl,dev,44,CA-HNM-no-ontology,MRR@10,32,0.18583829365079366
course_skill_atlas,bge-base,cached-mnrl,dev,44,CA-HNM-no-ontology,MAP@100,32,0.015926902020848163
course_skill_atlas,bge-base,cached-mnrl,dev,44,CA-HNM-no-ontology,Recall@100,32,0.073125
course_skill_atlas,bge-base,cached-mnrl,dev,44,CA-HNM-rank-matched,NDCG@10,32,0.04323331003521137
course_skill_atlas,bge-base,cached-mnrl,dev,44,CA-HNM-rank-matched,MRR@10,32,0.06826636904761904
course_skill_atlas,bge-base,cached-mnrl,dev,44,CA-HNM-rank-matched,MAP@100,32,0.006893511424497959
course_skill_atlas,bge-base,cached-mnrl,dev,44,CA-HNM-rank-matched,Recall@100,32,0.0409375
course_skill_atlas,bge-base,cached-mnrl,dev,44,CA-HNM-shuffled-graph,NDCG@10,32,0.10256362709190965
course_skill_atlas,bge-base,cached-mnrl,dev,44,CA-HNM-shuffled-graph,MRR@10,32,0.14929315476190477
course_skill_atlas,bge-base,cached-mnrl,dev,44,CA-HNM-shuffled-graph,MAP@100,32,0.019915952142883556
course_skill_atlas,bge-base,cached-mnrl,dev,44,CA-HNM-shuffled-graph,Recall@100,32,0.06343750000000001
course_skill_atlas,bge-base,cached-mnrl,dev,44,DPR-Random,NDCG@10,32,0.07049099289794424
course_skill_atlas,bge-base,cached-mnrl,dev,44,DPR-Random,MRR@10,32,0.10078125
course_skill_atlas,bge-base,cached-mnrl,dev,44,DPR-Random,MAP@100,32,0.018225104991102282
course_skill_atlas,bge-base,cached-mnrl,dev,44,DPR-Random,Recall@100,32,0.066875
course_skill_atlas,bge-base,cached-mnrl,dev,44,DenseNeg,NDCG@10,32,0.09774586548184229
course_skill_atlas,bge-base,cached-mnrl,dev,44,DenseNeg,MRR@10,32,0.24739583333333334
course_skill_atlas,bge-base,cached-mnrl,dev,44,DenseNeg,MAP@100,32,0.01536875794790627
course_skill_atlas,bge-base,cached-mnrl,dev,44,DenseNeg,Recall@100,32,0.0696875
course_skill_atlas,bge-base,cached-mnrl,dev,55,CA-HNM-full,NDCG@10,32,0.039632436533930906
course_skill_atlas,bge-base,cached-mnrl,dev,55,CA-HNM-full,MRR@10,32,0.071875
course_skill_atlas,bge-base,cached-mnrl,dev,55,CA-HNM-full,MAP@100,32,0.006997390244020762
course_skill_atlas,bge-base,cached-mnrl,dev,55,CA-HNM-full,Recall@100,32,0.040625
course_skill_atlas,bge-base,cached-mnrl,dev,55,CA-HNM-label-only,NDCG@10,32,0.03363911669625474
course_skill_atlas,bge-base,cached-mnrl,dev,55,CA-HNM-label-only,MRR@10,32,0.04873511904761905
course_skill_atlas,bge-base,cached-mnrl,dev,55,CA-HNM-label-only,MAP@100,32,0.007220667113406433
course_skill_atlas,bge-base,cached-mnrl,dev,55,CA-HNM-label-only,Recall@100,32,0.0403125
course_skill_atlas,bge-base,cached-mnrl,dev,55,CA-HNM-matched-mixed,NDCG@10,32,0.07689979795690664
course_skill_atlas,bge-base,cached-mnrl,dev,55,CA-HNM-matched-mixed,MRR@10,32,0.11875
course_skill_atlas,bge-base,cached-mnrl,dev,55,CA-HNM-matched-mixed,MAP@100,32,0.015005017652007518
course_skill_atlas,bge-base,cached-mnrl,dev,55,CA-HNM-matched-mixed,Recall@100,32,0.066875
course_skill_atlas,bge-base,cached-mnrl,dev,55,CA-HNM-mixed,NDCG@10,32,0.1188983585619423
course_skill_atlas,bge-base,cached-mnrl,dev,55,CA-HNM-mixed,MRR@10,32,0.16882440476190477
course_skill_atlas,bge-base,cached-mnrl,dev,55,CA-HNM-mixed,MAP@100,32,0.025010381071891657
course_skill_atlas,bge-base,cached-mnrl,dev,55,CA-HNM-mixed,Recall@100,32,0.080625
course_skill_atlas,bge-base,cached-mnrl,dev,55,CA-HNM-no-ontology,NDCG@10,32,0.09848743886310865
course_skill_atlas,bge-base,cached-mnrl,dev,55,CA-HNM-no-ontology,MRR@10,32,0.20338541666666668
course_skill_atlas,bge-base,cached-mnrl,dev,55,CA-HNM-no-ontology,MAP@100,32,0.015254003319190737
course_skill_atlas,bge-base,cached-mnrl,dev,55,CA-HNM-no-ontology,Recall@100,32,0.0609375
course_skill_atlas,bge-base,cached-mnrl,dev,55,CA-HNM-rank-matched,NDCG@10,32,0.030943001250848264
course_skill_atlas,bge-base,cached-mnrl,dev,55,CA-HNM-rank-matched,MRR@10,32,0.055803571428571425
course_skill_atlas,bge-base,cached-mnrl,dev,55,CA-HNM-rank-matched,MAP@100,32,0.008458436822504006
course_skill_atlas,bge-base,cached-mnrl,dev,55,CA-HNM-rank-matched,Recall@100,32,0.045625
course_skill_atlas,bge-base,cached-mnrl,dev,55,CA-HNM-shuffled-graph,NDCG@10,32,0.11787879417576126
course_skill_atlas,bge-base,cached-mnrl,dev,55,CA-HNM-shuffled-graph,MRR@10,32,0.21439732142857143
course_skill_atlas,bge-base,cached-mnrl,dev,55,CA-HNM-shuffled-graph,MAP@100,32,0.019534882690108123
course_skill_atlas,bge-base,cached-mnrl,dev,55,CA-HNM-shuffled-graph,Recall@100,32,0.069375
course_skill_atlas,bge-base,cached-mnrl,dev,55,DPR-Random,NDCG@10,32,0.04162425290307999
course_skill_atlas,bge-base,cached-mnrl,dev,55,DPR-Random,MRR@10,32,0.06843998015873015
course_skill_atlas,bge-base,cached-mnrl,dev,55,DPR-Random,MAP@100,32,0.015221646728962243
course_skill_atlas,bge-base,cached-mnrl,dev,55,DPR-Random,Recall@100,32,0.0690625
course_skill_atlas,bge-base,cached-mnrl,dev,55,DenseNeg,NDCG@10,32,0.09995818900411856
course_skill_atlas,bge-base,cached-mnrl,dev,55,DenseNeg,MRR@10,32,0.17508680555555556
course_skill_atlas,bge-base,cached-mnrl,dev,55,DenseNeg,MAP@100,32,0.018096095085160316
course_skill_atlas,bge-base,cached-mnrl,dev,55,DenseNeg,Recall@100,32,0.0778125
course_skill_atlas,bge-base,cached-mnrl,dev,66,CA-HNM-full,NDCG@10,32,0.033410900066482015
course_skill_atlas,bge-base,cached-mnrl,dev,66,CA-HNM-full,MRR@10,32,0.0703125
course_skill_atlas,bge-base,cached-mnrl,dev,66,CA-HNM-full,MAP@100,32,0.0064791639899305425
course_skill_atlas,bge-base,cached-mnrl,dev,66,CA-HNM-full,Recall@100,32,0.0359375
course_skill_atlas,bge-base,cached-mnrl,dev,66,CA-HNM-label-only,NDCG@10,32,0.03131115873171442
course_skill_atlas,bge-base,cached-mnrl,dev,66,CA-HNM-label-only,MRR@10,32,0.05295138888888889
course_skill_atlas,bge-base,cached-mnrl,dev,66,CA-HNM-label-only,MAP@100,32,0.006932181106829186
course_skill_atlas,bge-base,cached-mnrl,dev,66,CA-HNM-label-only,Recall@100,32,0.0378125
course_skill_atlas,bge-base,cached-mnrl,dev,66,CA-HNM-matched-mixed,NDCG@10,32,0.11603091998784033
course_skill_atlas,bge-base,cached-mnrl,dev,66,CA-HNM-matched-mixed,MRR@10,32,0.18029513888888887
course_skill_atlas,bge-base,cached-mnrl,dev,66,CA-HNM-matched-mixed,MAP@100,32,0.021296381698765382
course_skill_atlas,bge-base,cached-mnrl,dev,66,CA-HNM-matched-mixed,Recall@100,32,0.08125
course_skill_atlas,bge-base,cached-mnrl,dev,66,CA-HNM-mixed,NDCG@10,32,0.12881510754770212
course_skill_atlas,bge-base,cached-mnrl,dev,66,CA-HNM-mixed,MRR@10,32,0.18697916666666667
course_skill_atlas,bge-base,cached-mnrl,dev,66,CA-HNM-mixed,MAP@100,32,0.02491233871482808
course_skill_atlas,bge-base,cached-mnrl,dev,66,CA-HNM-mixed,Recall@100,32,0.0778125
course_skill_atlas,bge-base,cached-mnrl,dev,66,CA-HNM-no-ontology,NDCG@10,32,0.10768251136224266
course_skill_atlas,bge-base,cached-mnrl,dev,66,CA-HNM-no-ontology,MRR@10,32,0.20811011904761906
course_skill_atlas,bge-base,cached-mnrl,dev,66,CA-HNM-no-ontology,MAP@100,32,0.01792582965152199
course_skill_atlas,bge-base,cached-mnrl,dev,66,CA-HNM-no-ontology,Recall@100,32,0.0746875
course_skill_atlas,bge-base,cached-mnrl,dev,66,CA-HNM-rank-matched,NDCG@10,32,0.028626763007737185
course_skill_atlas,bge-base,cached-mnrl,dev,66,CA-HNM-rank-matched,MRR@10,32,0.030245535714285714
course_skill_atlas,bge-base,cached-mnrl,dev,66,CA-HNM-rank-matched,MAP@100,32,0.006450394206774028
course_skill_atlas,bge-base,cached-mnrl,dev,66,CA-HNM-rank-matched,Recall@100,32,0.0440625
course_skill_atlas,bge-base,cached-mnrl,dev,66,CA-HNM-shuffled-graph,NDCG@10,32,0.11532534296708205
course_skill_atlas,bge-base,cached-mnrl,dev,66,CA-HNM-shuffled-graph,MRR@10,32,0.14444444444444443
course_skill_atlas,bge-base,cached-mnrl,dev,66,CA-HNM-shuffled-graph,MAP@100,32,0.025991729192910616
course_skill_atlas,bge-base,cached-mnrl,dev,66,CA-HNM-shuffled-graph,Recall@100,32,0.0825
course_skill_atlas,bge-base,cached-mnrl,dev,66,DPR-Random,NDCG@10,32,0.06482259566755988
course_skill_atlas,bge-base,cached-mnrl,dev,66,DPR-Random,MRR@10,32,0.10081845238095238
course_skill_atlas,bge-base,cached-mnrl,dev,66,DPR-Random,MAP@100,32,0.017896363630710923
course_skill_atlas,bge-base,cached-mnrl,dev,66,DPR-Random,Recall@100,32,0.0815625
course_skill_atlas,bge-base,cached-mnrl,dev,66,DenseNeg,NDCG@10,32,0.08230902299508755
course_skill_atlas,bge-base,cached-mnrl,dev,66,DenseNeg,MRR@10,32,0.17326388888888888
course_skill_atlas,bge-base,cached-mnrl,dev,66,DenseNeg,MAP@100,32,0.013238538512669424
course_skill_atlas,bge-base,cached-mnrl,dev,66,DenseNeg,Recall@100,32,0.0621875
course_skill_atlas,bge-base,cached-mnrl,dev,77,CA-HNM-full,NDCG@10,32,0.03482047449153209
course_skill_atlas,bge-base,cached-mnrl,dev,77,CA-HNM-full,MRR@10,32,0.06354166666666666
course_skill_atlas,bge-base,cached-mnrl,dev,77,CA-HNM-full,MAP@100,32,0.006607902848574712
course_skill_atlas,bge-base,cached-mnrl,dev,77,CA-HNM-full,Recall@100,32,0.0384375
course_skill_atlas,bge-base,cached-mnrl,dev,77,CA-HNM-label-only,NDCG@10,32,0.026655929249747724
course_skill_atlas,bge-base,cached-mnrl,dev,77,CA-HNM-label-only,MRR@10,32,0.033854166666666664
course_skill_atlas,bge-base,cached-mnrl,dev,77,CA-HNM-label-only,MAP@100,32,0.0067018204961353965
course_skill_atlas,bge-base,cached-mnrl,dev,77,CA-HNM-label-only,Recall@100,32,0.04
course_skill_atlas,bge-base,cached-mnrl,dev,77,CA-HNM-matched-mixed,NDCG@10,32,0.1384273780325368
course_skill_atlas,bge-base,cached-mnrl,dev,77,CA-HNM-matched-mixed,MRR@10,32,0.2171875
course_skill_atlas,bge-base,cached-mnrl,dev,77,CA-HNM-matched-mixed,MAP@100,32,0.024035440506974592
course_skill_atlas,bge-base,cached-mnrl,dev,77,CA-HNM-matched-mixed,Recall@100,32,0.080625
course_skill_atlas,bge-base,cached-mnrl,dev,77,CA-HNM-mixed,NDCG@10,32,0.13749470494679214
course_skill_atlas,bge-base,cached-mnrl,dev,77,CA-HNM-mixed,MRR@10,32,0.20442708333333334
course_skill_atlas,bge-base,cached-mnrl,dev,77,CA-HNM-mixed,MAP@100,32,0.026599270561866152
course_skill_atlas,bge-base,cached-mnrl,dev,77,CA-HNM-mixed,Recall@100,32,0.0846875
course_skill_atlas,bge-base,cached-mnrl,dev,77,CA-HNM-no-ontology,NDCG@10,32,0.08127889986453937
course_skill_atlas,bge-base,cached-mnrl,dev,77,CA-HNM-no-ontology,MRR@10,32,0.11649305555555556
course_skill_atlas,bge-base,cached-mnrl,dev,77,CA-HNM-no-ontology,MAP@100,32,0.014701389791825921
course_skill_atlas,bge-base,cached-mnrl,dev,77,CA-HNM-no-ontology,Recall@100,32,0.0659375
course_skill_atlas,bge-base,cached-mnrl,dev,77,CA-HNM-rank-matched,NDCG@10,32,0.04958975270847116
course_skill_atlas,bge-base,cached-mnrl,dev,77,CA-HNM-rank-matched,MRR@10,32,0.08701636904761904
course_skill_atlas,bge-base,cached-mnrl,dev,77,CA-HNM-rank-matched,MAP@100,32,0.007686643818634713
course_skill_atlas,bge-base,cached-mnrl,dev,77,CA-HNM-rank-matched,Recall@100,32,0.0409375
course_skill_atlas,bge-base,cached-mnrl,dev,77,CA-HNM-shuffled-graph,NDCG@10,32,0.12864232369547998
course_skill_atlas,bge-base,cached-mnrl,dev,77,CA-HNM-shuffled-graph,MRR@10,32,0.24847470238095237
course_skill_atlas,bge-base,cached-mnrl,dev,77,CA-HNM-shuffled-graph,MAP@100,32,0.023853572753192293
course_skill_atlas,bge-base,cached-mnrl,dev,77,CA-HNM-shuffled-graph,Recall@100,32,0.078125
course_skill_atlas,bge-base,cached-mnrl,dev,77,DPR-Random,NDCG@10,32,0.03861055211373468
course_skill_atlas,bge-base,cached-mnrl,dev,77,DPR-Random,MRR@10,32,0.04201388888888889
course_skill_atlas,bge-base,cached-mnrl,dev,77,DPR-Random,MAP@100,32,0.01918695301850496
course_skill_atlas,bge-base,cached-mnrl,dev,77,DPR-Random,Recall@100,32,0.08625
course_skill_atlas,bge-base,cached-mnrl,dev,77,DenseNeg,NDCG@10,32,0.08999668072879621
course_skill_atlas,bge-base,cached-mnrl,dev,77,DenseNeg,MRR@10,32,0.19464285714285715
course_skill_atlas,bge-base,cached-mnrl,dev,77,DenseNeg,MAP@100,32,0.015461554346945653
course_skill_atlas,bge-base,cached-mnrl,dev,77,DenseNeg,Recall@100,32,0.07187500000000001
course_skill_atlas,bge-base,cached-mnrl,dev,88,CA-HNM-full,NDCG@10,32,0.027352328851366087
course_skill_atlas,bge-base,cached-mnrl,dev,88,CA-HNM-full,MRR@10,32,0.04383680555555555
course_skill_atlas,bge-base,cached-mnrl,dev,88,CA-HNM-full,MAP@100,32,0.007491141140224064
course_skill_atlas,bge-base,cached-mnrl,dev,88,CA-HNM-full,Recall@100,32,0.044375
course_skill_atlas,bge-base,cached-mnrl,dev,88,CA-HNM-label-only,NDCG@10,32,0.023714986603387753
course_skill_atlas,bge-base,cached-mnrl,dev,88,CA-HNM-label-only,MRR@10,32,0.046875
course_skill_atlas,bge-base,cached-mnrl,dev,88,CA-HNM-label-only,MAP@100,32,0.007568701563599875
course_skill_atlas,bge-base,cached-mnrl,dev,88,CA-HNM-label-only,Recall@100,32,0.0428125
course_skill_atlas,bge-base,cached-mnrl,dev,88,CA-HNM-matched-mixed,NDCG@10,32,0.1259125999103425
course_skill_atlas,bge-base,cached-mnrl,dev,88,CA-HNM-matched-mixed,MRR@10,32,0.1943080357142857
course_skill_atlas,bge-base,cached-mnrl,dev,88,CA-HNM-matched-mixed,MAP@100,32,0.021169254695987953
course_skill_atlas,bge-base,cached-mnrl,dev,88,CA-HNM-matched-mixed,Recall@100,32,0.0803125
course_skill_atlas,bge-base,cached-mnrl,dev,88,CA-HNM-mixed,NDCG@10,32,0.1386397307930553
course_skill_atlas,bge-base,cached-mnrl,dev,88,CA-HNM-mixed,MRR@10,32,0.23523065476190477
course_skill_atlas,bge-base,cached-mnrl,dev,88,CA-HNM-mixed,MAP@100,32,0.02614227106810009
course_skill_atlas,bge-base,cached-mnrl,dev,88,CA-HNM-mixed,Recall@100,32,0.085625
course_skill_atlas,bge-base,cached-mnrl,dev,88,CA-HNM-no-ontology,NDCG@10,32,0.09522209826753707
course_skill_atlas,bge-base,cached-mnrl,dev,88,CA-HNM-no-ontology,MRR@10,32,0.1326388888888889
course_skill_atlas,bge-base,cached-mnrl,dev,88,CA-HNM-no-ontology,MAP@100,32,0.01609690793600424
course_skill_atlas,bge-base,cached-mnrl,dev,88,CA-HNM-no-ontology,Recall@100,32,0.0675
course_skill_atlas,bge-base,cached-mnrl,dev,88,CA-HNM-rank-matched,NDCG@10,32,0.05711271664014819
course_skill_atlas,bge-base,cached-mnrl,dev,88,CA-HNM-rank-matched,MRR@10,32,0.08567708333333333
course_skill_atlas,bge-base,cached-mnrl,dev,88,CA-HNM-rank-matched,MAP@100,32,0.008760850434716158
course_skill_atlas,bge-base,cached-mnrl,dev,88,CA-HNM-rank-matched,Recall@100,32,0.0440625
course_skill_atlas,bge-base,cached-mnrl,dev,88,CA-HNM-shuffled-graph,NDCG@10,32,0.11473512799218163
course_skill_atlas,bge-base,cached-mnrl,dev,88,CA-HNM-shuffled-graph,MRR@10,32,0.1982142857142857
course_skill_atlas,bge-base,cached-mnrl,dev,88,CA-HNM-shuffled-graph,MAP@100,32,0.01935698658396524
course_skill_atlas,bge-base,cached-mnrl,dev,88,CA-HNM-shuffled-graph,Recall@100,32,0.0684375
course_skill_atlas,bge-base,cached-mnrl,dev,88,DPR-Random,NDCG@10,32,0.07066446584062185
course_skill_atlas,bge-base,cached-mnrl,dev,88,DPR-Random,MRR@10,32,0.07984871031746031
course_skill_atlas,bge-base,cached-mnrl,dev,88,DPR-Random,MAP@100,32,0.018955911716039293
course_skill_atlas,bge-base,cached-mnrl,dev,88,DPR-Random,Recall@100,32,0.0871875
course_skill_atlas,bge-base,cached-mnrl,dev,88,DenseNeg,NDCG@10,32,0.10414359100921353
course_skill_atlas,bge-base,cached-mnrl,dev,88,DenseNeg,MRR@10,32,0.23783482142857143
course_skill_atlas,bge-base,cached-mnrl,dev,88,DenseNeg,MAP@100,32,0.017118684716827693
course_skill_atlas,bge-base,cached-mnrl,dev,88,DenseNeg,Recall@100,32,0.075
course_skill_atlas,bge-base,cached-mnrl,dev,99,CA-HNM-full,NDCG@10,32,0.03361630292732402
course_skill_atlas,bge-base,cached-mnrl,dev,99,CA-HNM-full,MRR@10,32,0.06597222222222222
course_skill_atlas,bge-base,cached-mnrl,dev,99,CA-HNM-full,MAP@100,32,0.006452430433057665
course_skill_atlas,bge-base,cached-mnrl,dev,99,CA-HNM-full,Recall@100,32,0.0384375
course_skill_atlas,bge-base,cached-mnrl,dev,99,CA-HNM-label-only,NDCG@10,32,0.020883770807386924
course_skill_atlas,bge-base,cached-mnrl,dev,99,CA-HNM-label-only,MRR@10,32,0.022135416666666664
course_skill_atlas,bge-base,cached-mnrl,dev,99,CA-HNM-label-only,MAP@100,32,0.0061803551342031965
course_skill_atlas,bge-base,cached-mnrl,dev,99,CA-HNM-label-only,Recall@100,32,0.03875
course_skill_atlas,bge-base,cached-mnrl,dev,99,CA-HNM-matched-mixed,NDCG@10,32,0.10851603738680073
course_skill_atlas,bge-base,cached-mnrl,dev,99,CA-HNM-matched-mixed,MRR@10,32,0.13828125
course_skill_atlas,bge-base,cached-mnrl,dev,99,CA-HNM-matched-mixed,MAP@100,32,0.023781686871992794
course_skill_atlas,bge-base,cached-mnrl,dev,99,CA-HNM-matched-mixed,Recall@100,32,0.0734375
course_skill_atlas,bge-base,cached-mnrl,dev,99,CA-HNM-mixed,NDCG@10,32,0.10342127918144657
course_skill_atlas,bge-base,cached-mnrl,dev,99,CA-HNM-mixed,MRR@10,32,0.13784722222222223
course_skill_atlas,bge-base,cached-mnrl,dev,99,CA-HNM-mixed,MAP@100,32,0.022182742549179846
course_skill_atlas,bge-base,cached-mnrl,dev,99,CA-HNM-mixed,Recall@100,32,0.0809375
course_skill_atlas,bge-base,cached-mnrl,dev,99,CA-HNM-no-ontology,NDCG@10,32,0.0769402172581795
course_skill_atlas,bge-base,cached-mnrl,dev,99,CA-HNM-no-ontology,MRR@10,32,0.10416666666666666
course_skill_atlas,bge-base,cached-mnrl,dev,99,CA-HNM-no-ontology,MAP@100,32,0.017266285317066844
course_skill_atlas,bge-base,cached-mnrl,dev,99,CA-HNM-no-ontology,Recall@100,32,0.07062500000000001
course_skill_atlas,bge-base,cached-mnrl,dev,99,CA-HNM-rank-matched,NDCG@10,32,0.038968478228860896
course_skill_atlas,bge-base,cached-mnrl,dev,99,CA-HNM-rank-matched,MRR@10,32,0.05789930555555556
course_skill_atlas,bge-base,cached-mnrl,dev,99,CA-HNM-rank-matched,MAP@100,32,0.007167669325802317
course_skill_atlas,bge-base,cached-mnrl,dev,99,CA-HNM-rank-matched,Recall@100,32,0.04125
course_skill_atlas,bge-base,cached-mnrl,dev,99,CA-HNM-shuffled-graph,NDCG@10,32,0.12272586350382111
course_skill_atlas,bge-base,cached-mnrl,dev,99,CA-HNM-shuffled-graph,MRR@10,32,0.1964781746031746
course_skill_atlas,bge-base,cached-mnrl,dev,99,CA-HNM-shuffled-graph,MAP@100,32,0.02338822074518951
course_skill_atlas,bge-base,cached-mnrl,dev,99,CA-HNM-shuffled-graph,Recall@100,32,0.079375
course_skill_atlas,bge-base,cached-mnrl,dev,99,DPR-Random,NDCG@10,32,0.05953663579708269
course_skill_atlas,bge-base,cached-mnrl,dev,99,DPR-Random,MRR@10,32,0.07361111111111111
course_skill_atlas,bge-base,cached-mnrl,dev,99,DPR-Random,MAP@100,32,0.016496786114444866
course_skill_atlas,bge-base,cached-mnrl,dev,99,DPR-Random,Recall@100,32,0.076875
course_skill_atlas,bge-base,cached-mnrl,dev,99,DenseNeg,NDCG@10,32,0.12243648814233397
course_skill_atlas,bge-base,cached-mnrl,dev,99,DenseNeg,MRR@10,32,0.2755580357142857
course_skill_atlas,bge-base,cached-mnrl,dev,99,DenseNeg,MAP@100,32,0.018678019516757138
course_skill_atlas,bge-base,cached-mnrl,dev,99,DenseNeg,Recall@100,32,0.0771875
mooccubex,bge-base,cached-mnrl,dev,11,CA-HNM-full,NDCG@10,500,0.15728182206052485
mooccubex,bge-base,cached-mnrl,dev,11,CA-HNM-full,MRR@10,500,0.14632857142857142
mooccubex,bge-base,cached-mnrl,dev,11,CA-HNM-full,MAP@100,500,0.14577046004740468
mooccubex,bge-base,cached-mnrl,dev,11,CA-HNM-full,Recall@100,500,0.5834162975912977
mooccubex,bge-base,cached-mnrl,dev,11,CA-HNM-label-only,NDCG@10,500,0.16111779859500772
mooccubex,bge-base,cached-mnrl,dev,11,CA-HNM-label-only,MRR@10,500,0.14938650793650793
mooccubex,bge-base,cached-mnrl,dev,11,CA-HNM-label-only,MAP@100,500,0.14648335411370728
mooccubex,bge-base,cached-mnrl,dev,11,CA-HNM-label-only,Recall@100,500,0.5700530303030302
mooccubex,bge-base,cached-mnrl,dev,11,CA-HNM-matched-mixed,NDCG@10,500,0.30901007474922854
mooccubex,bge-base,cached-mnrl,dev,11,CA-HNM-matched-mixed,MRR@10,500,0.2981087301587302
mooccubex,bge-base,cached-mnrl,dev,11,CA-HNM-matched-mixed,MAP@100,500,0.2770098198877647
mooccubex,bge-base,cached-mnrl,dev,11,CA-HNM-matched-mixed,Recall@100,500,0.7793955183705183
mooccubex,bge-base,cached-mnrl,dev,11,CA-HNM-mixed,NDCG@10,500,0.3019186662642399
mooccubex,bge-base,cached-mnrl,dev,11,CA-HNM-mixed,MRR@10,500,0.2753531746031746
mooccubex,bge-base,cached-mnrl,dev,11,CA-HNM-mixed,MAP@100,500,0.2675606755629183
mooccubex,bge-base,cached-mnrl,dev,11,CA-HNM-mixed,Recall@100,500,0.7783958236208236
mooccubex,bge-base,cached-mnrl,dev,11,CA-HNM-no-ontology,NDCG@10,500,0.1847146291788633
mooccubex,bge-base,cached-mnrl,dev,11,CA-HNM-no-ontology,MRR@10,500,0.16911984126984125
mooccubex,bge-base,cached-mnrl,dev,11,CA-HNM-no-ontology,MAP@100,500,0.16591246366575924
mooccubex,bge-base,cached-mnrl,dev,11,CA-HNM-no-ontology,Recall@100,500,0.582484582084582
mooccubex,bge-base,cached-mnrl,dev,11,CA-HNM-rank-matched,NDCG@10,500,0.13511330499983112
mooccubex,bge-base,cached-mnrl,dev,11,CA-HNM-rank-matched,MRR@10,500,0.12152936507936508
mooccubex,bge-base,cached-mnrl,dev,11,CA-HNM-rank-matched,MAP@100,500,0.11519921432380423
mooccubex,bge-base,cached-mnrl,dev,11,CA-HNM-rank-matched,Recall@100,500,0.48066657231657234
mooccubex,bge-base,cached-mnrl,dev,11,CA-HNM-shuffled-graph,NDCG@10,500,0.15729296431916295
mooccubex,bge-base,cached-mnrl,dev,11,CA-HNM-shuffled-graph,MRR@10,500,0.14501507936507937
mooccubex,bge-base,cached-mnrl,dev,11,CA-HNM-shuffled-graph,MAP@100,500,0.13847564871363313
mooccubex,bge-base,cached-mnrl,dev,11,CA-HNM-shuffled-graph,Recall@100,500,0.5670255466755467
mooccubex,bge-base,cached-mnrl,dev,11,DPR-Random,NDCG@10,500,0.3429193787043328
mooccubex,bge-base,cached-mnrl,dev,11,DPR-Random,MRR@10,500,0.32030317460317465
mooccubex,bge-base,cached-mnrl,dev,11,DPR-Random,MAP@100,500,0.307513695818666
mooccubex,bge-base,cached-mnrl,dev,11,DPR-Random,Recall@100,500,0.878542415917416
mooccubex,bge-base,cached-mnrl,dev,11,DenseNeg,NDCG@10,500,0.30071249703276814
mooccubex,bge-base,cached-mnrl,dev,11,DenseNeg,MRR@10,500,0.29114444444444443
mooccubex,bge-base,cached-mnrl,dev,11,DenseNeg,MAP@100,500,0.2722071421080267
mooccubex,bge-base,cached-mnrl,dev,11,DenseNeg,Recall@100,500,0.7073672438672438
mooccubex,bge-base,cached-mnrl,dev,111,CA-HNM-full,NDCG@10,500,0.16868748020743493
mooccubex,bge-base,cached-mnrl,dev,111,CA-HNM-full,MRR@10,500,0.15734206349206348
mooccubex,bge-base,cached-mnrl,dev,111,CA-HNM-full,MAP@100,500,0.15036319216694774
mooccubex,bge-base,cached-mnrl,dev,111,CA-HNM-full,Recall@100,500,0.5468725246975247
mooccubex,bge-base,cached-mnrl,dev,111,CA-HNM-label-only,NDCG@10,500,0.161916748072046
mooccubex,bge-base,cached-mnrl,dev,111,CA-HNM-label-only,MRR@10,500,0.15415793650793652
mooccubex,bge-base,cached-mnrl,dev,111,CA-HNM-label-only,MAP@100,500,0.14489047984169998
mooccubex,bge-base,cached-mnrl,dev,111,CA-HNM-label-only,Recall@100,500,0.548703477078477
mooccubex,bge-base,cached-mnrl,dev,111,CA-HNM-matched-mixed,NDCG@10,500,0.29420877511803095
mooccubex,bge-base,cached-mnrl,dev,111,CA-HNM-matched-mixed,MRR@10,500,0.2708468253968254
mooccubex,bge-base,cached-mnrl,dev,111,CA-HNM-matched-mixed,MAP@100,500,0.2675706700677107
mooccubex,bge-base,cached-mnrl,dev,111,CA-HNM-matched-mixed,Recall@100,500,0.8046171800421801
mooccubex,bge-base,cached-mnrl,dev,111,CA-HNM-mixed,NDCG@10,500,0.3020091956896779
mooccubex,bge-base,cached-mnrl,dev,111,CA-HNM-mixed,MRR@10,500,0.2822515873015873
mooccubex,bge-base,cached-mnrl,dev,111,CA-HNM-mixed,MAP@100,500,0.2796669075955416
mooccubex,bge-base,cached-mnrl,dev,111,CA-HNM-mixed,Recall@100,500,0.7927447358197358
mooccubex,bge-base,cached-mnrl,dev,111,CA-HNM-no-ontology,NDCG@10,500,0.18111164953132125
mooccubex,bge-base,cached-mnrl,dev,111,CA-HNM-no-ontology,MRR@10,500,0.16207698412698412
mooccubex,bge-base,cached-mnrl,dev,111,CA-HNM-no-ontology,MAP@100,500,0.1549180731383219
mooccubex,bge-base,cached-mnrl,dev,111,CA-HNM-no-ontology,Recall@100,500,0.5974628787878788
mooccubex,bge-base,cached-mnrl,dev,111,CA-HNM-rank-matched,NDCG@10,500,0.16501576684150057
mooccubex,bge-base,cached-mnrl,dev,111,CA-HNM-rank-matched,MRR@10,500,0.1400952380952381
mooccubex,bge-base,cached-mnrl,dev,111,CA-HNM-rank-matched,MAP@100,500,0.13929340780416527
mooccubex,bge-base,cached-mnrl,dev,111,CA-HNM-rank-matched,Recall@100,500,0.5197056138306139
mooccubex,bge-base,cached-mnrl,dev,111,CA-HNM-shuffled-graph,NDCG@10,500,0.20109733744159058
mooccubex,bge-base,cached-mnrl,dev,111,CA-HNM-shuffled-graph,MRR@10,500,0.19378333333333334
mooccubex,bge-base,cached-mnrl,dev,111,CA-HNM-shuffled-graph,MAP@100,500,0.1807226870854481
mooccubex,bge-base,cached-mnrl,dev,111,CA-HNM-shuffled-graph,Recall@100,500,0.5655573149073149
mooccubex,bge-base,cached-mnrl,dev,111,DPR-Random,NDCG@10,500,0.3196270937335912
mooccubex,bge-base,cached-mnrl,dev,111,DPR-Random,MRR@10,500,0.2960960317460318
mooccubex,bge-base,cached-mnrl,dev,111,DPR-Random,MAP@100,500,0.29725844223158926
mooccubex,bge-base,cached-mnrl,dev,111,DPR-Random,Recall@100,500,0.8665842768342769
mooccubex,bge-base,cached-mnrl,dev,111,DenseNeg,NDCG@10,500,0.28194210457199304
mooccubex,bge-base,cached-mnrl,dev,111,DenseNeg,MRR@10,500,0.26665714285714287
mooccubex,bge-base,cached-mnrl,dev,111,DenseNeg,MAP@100,500,0.246639588571891
mooccubex,bge-base,cached-mnrl,dev,111,DenseNeg,Recall@100,500,0.683651542901543
mooccubex,bge-base,cached-mnrl,dev,22,CA-HNM-full,NDCG@10,500,0.19384167829515475
mooccubex,bge-base,cached-mnrl,dev,22,CA-HNM-full,MRR@10,500,0.18668968253968254
mooccubex,bge-base,cached-mnrl,dev,22,CA-HNM-full,MAP@100,500,0.1698286278005657
mooccubex,bge-base,cached-mnrl,dev,22,CA-HNM-full,Recall@100,500,0.6090383560883561
mooccubex,bge-base,cached-mnrl,dev,22,CA-HNM-label-only,NDCG@10,500,0.2058042896100389
mooccubex,bge-base,cached-mnrl,dev,22,CA-HNM-label-only,MRR@10,500,0.18445158730158728
mooccubex,bge-base,cached-mnrl,dev,22,CA-HNM-label-only,MAP@100,500,0.17488263821863206
mooccubex,bge-base,cached-mnrl,dev,22,CA-HNM-label-only,Recall@100,500,0.6218853757353757
mooccubex,bge-base,cached-mnrl,dev,22,CA-HNM-matched-mixed,NDCG@10,500,0.3125061512498628
mooccubex,bge-base,cached-mnrl,dev,22,CA-HNM-matched-mixed,MRR@10,500,0.28624761904761903
mooccubex,bge-base,cached-mnrl,dev,22,CA-HNM-matched-mixed,MAP@100,500,0.2759941182576482
mooccubex,bge-base,cached-mnrl,dev,22,CA-HNM-matched-mixed,Recall@100,500,0.8294455599955599
mooccubex,bge-base,cached-mnrl,dev,22,CA-HNM-mixed,NDCG@10,500,0.31894025741416454
mooccubex,bge-base,cached-mnrl,dev,22,CA-HNM-mixed,MRR@10,500,0.30281904761904765
mooccubex,bge-base,cached-mnrl,dev,22,CA-HNM-mixed,MAP@100,500,0.2849227700859759
mooccubex,bge-base,cached-mnrl,dev,22,CA-HNM-mixed,Recall@100,500,0.802509102009102
mooccubex,bge-base,cached-mnrl,dev,22,CA-HNM-no-ontology,NDCG@10,500,0.16958629290650648
mooccubex,bge-base,cached-mnrl,dev,22,CA-HNM-no-ontology,MRR@10,500,0.15667698412698414
mooccubex,bge-base,cached-mnrl,dev,22,CA-HNM-no-ontology,MAP@100,500,0.15183738838263958
mooccubex,bge-base,cached-mnrl,dev,22,CA-HNM-no-ontology,Recall@100,500,0.5872463980463981
mooccubex,bge-base,cached-mnrl,dev,22,CA-HNM-rank-matched,NDCG@10,500,0.1583183348280081
mooccubex,bge-base,cached-mnrl,dev,22,CA-HNM-rank-matched,MRR@10,500,0.14712777777777777
mooccubex,bge-base,cached-mnrl,dev,22,CA-HNM-rank-matched,MAP@100,500,0.1434431497483891
mooccubex,bge-base,cached-mnrl,dev,22,CA-HNM-rank-matched,Recall@100,500,0.5201795648795648
mooccubex,bge-base,cached-mnrl,dev,22,CA-HNM-shuffled-graph,NDCG@10,500,0.1655894499730418
mooccubex,bge-base,cached-mnrl,dev,22,CA-HNM-shuffled-graph,MRR@10,500,0.15319682539682541
mooccubex,bge-base,cached-mnrl,dev,22,CA-HNM-shuffled-graph,MAP@100,500,0.14875649536027025
mooccubex,bge-base,cached-mnrl,dev,22,CA-HNM-shuffled-graph,Recall@100,500,0.5754781718281718
mooccubex,bge-base,cached-mnrl,dev,22,DPR-Random,NDCG@10,500,0.3581238905024057
mooccubex,bge-base,cached-mnrl,dev,22,DPR-Random,MRR@10,500,0.3319992063492064
mooccubex,bge-base,cached-mnrl,dev,22,DPR-Random,MAP@100,500,0.31927005369268896
mooccubex,bge-base,cached-mnrl,dev,22,DPR-Random,Recall@100,500,0.8767253801753803
mooccubex,bge-base,cached-mnrl,dev,22,DenseNeg,NDCG@10,500,0.3004199111380692
mooccubex,bge-base,cached-mnrl,dev,22,DenseNeg,MRR@10,500,0.2906063492063492
mooccubex,bge-base,cached-mnrl,dev,22,DenseNeg,MAP@100,500,0.26782160494703233
mooccubex,bge-base,cached-mnrl,dev,22,DenseNeg,Recall@100,500,0.7641237012987013
mooccubex,bge-base,cached-mnrl,dev,33,CA-HNM-full,NDCG@10,500,0.16337204949876447
mooccubex,bge-base,cached-mnrl,dev,33,CA-HNM-full,MRR@10,500,0.14694761904761905
mooccubex,bge-base,cached-mnrl,dev,33,CA-HNM-full,MAP@100,500,0.14542128931513823
mooccubex,bge-base,cached-mnrl,dev,33,CA-HNM-full,Recall@100,500,0.5595203685203685
mooccubex,bge-base,cached-mnrl,dev,33,CA-HNM-label-only,NDCG@10,500,0.15447663718932178
mooccubex,bge-base,cached-mnrl,dev,33,CA-HNM-label-only,MRR@10,500,0.14496190476190474
mooccubex,bge-base,cached-mnrl,dev,33,CA-HNM-label-only,MAP@100,500,0.13899768707714558
mooccubex,bge-base,cached-mnrl,dev,33,CA-HNM-label-only,Recall@100,500,0.5292787434787434
mooccubex,bge-base,cached-mnrl,dev,33,CA-HNM-matched-mixed,NDCG@10,500,0.2937365623409761
mooccubex,bge-base,cached-mnrl,dev,33,CA-HNM-matched-mixed,MRR@10,500,0.27535952380952383
mooccubex,bge-base,cached-mnrl,dev,33,CA-HNM-matched-mixed,MAP@100,500,0.26724746865322146
mooccubex,bge-base,cached-mnrl,dev,33,CA-HNM-matched-mixed,Recall@100,500,0.8165822177822177
mooccubex,bge-base,cached-mnrl,dev,33,CA-HNM-mixed,NDCG@10,500,0.31537662626704643
mooccubex,bge-base,cached-mnrl,dev,33,CA-HNM-mixed,MRR@10,500,0.2936531746031746
mooccubex,bge-base,cached-mnrl,dev,33,CA-HNM-mixed,MAP@100,500,0.2775278075054198
mooccubex,bge-base,cached-mnrl,dev,33,CA-HNM-mixed,Recall@100,500,0.817360014985015
mooccubex,bge-base,cached-mnrl,dev,33,CA-HNM-no-ontology,NDCG@10,500,0.17628280393730666
mooccubex,bge-base,cached-mnrl,dev,33,CA-HNM-no-ontology,MRR@10,500,0.16916984126984128
mooccubex,bge-base,cached-mnrl,dev,33,CA-HNM-no-ontology,MAP@100,500,0.16011781007081652
mooccubex,bge-base,cached-mnrl,dev,33,CA-HNM-no-ontology,Recall@100,500,0.5598947385947386
mooccubex,bge-base,cached-mnrl,dev,33,CA-HNM-rank-matched,NDCG@10,500,0.1356652351272428
mooccubex,bge-base,cached-mnrl,dev,33,CA-HNM-rank-matched,MRR@10,500,0.12229761904761906
mooccubex,bge-base,cached-mnrl,dev,33,CA-HNM-rank-matched,MAP@100,500,0.11790577561747843
mooccubex,bge-base,cached-mnrl,dev,33,CA-HNM-rank-matched,Recall@100,500,0.5039313048063048
mooccubex,bge-base,cached-mnrl,dev,33,CA-HNM-shuffled-graph,NDCG@10,500,0.150572129652438
mooccubex,bge-base,cached-mnrl,dev,33,CA-HNM-shuffled-graph,MRR@10,500,0.13936190476190474
mooccubex,bge-base,cached-mnrl,dev,33,CA-HNM-shuffled-graph,MAP@100,500,0.135151276863792
mooccubex,bge-base,cached-mnrl,dev,33,CA-HNM-shuffled-graph,Recall@100,500,0.527524000999001
mooccubex,bge-base,cached-mnrl,dev,33,DPR-Random,NDCG@10,500,0.33016280195249603
mooccubex,bge-base,cached-mnrl,dev,33,DPR-Random,MRR@10,500,0.30848571428571425
mooccubex,bge-base,cached-mnrl,dev,33,DPR-Random,MAP@100,500,0.30513181515553117
mooccubex,bge-base,cached-mnrl,dev,33,DPR-Random,Recall@100,500,0.8784524586524586
mooccubex,bge-base,cached-mnrl,dev,33,DenseNeg,NDCG@10,500,0.3113081885407263
mooccubex,bge-base,cached-mnrl,dev,33,DenseNeg,MRR@10,500,0.29073253968253965
mooccubex,bge-base,cached-mnrl,dev,33,DenseNeg,MAP@100,500,0.2763455447845308
mooccubex,bge-base,cached-mnrl,dev,33,DenseNeg,Recall@100,500,0.715135014985015
mooccubex,bge-base,cached-mnrl,dev,44,CA-HNM-full,NDCG@10,500,0.19941465535905198
mooccubex,bge-base,cached-mnrl,dev,44,CA-HNM-full,MRR@10,500,0.1811650793650794
mooccubex,bge-base,cached-mnrl,dev,44,CA-HNM-full,MAP@100,500,0.17729654734678407
mooccubex,bge-base,cached-mnrl,dev,44,CA-HNM-full,Recall@100,500,0.5626724025974027
mooccubex,bge-base,cached-mnrl,dev,44,CA-HNM-label-only,NDCG@10,500,0.1774437582594583
mooccubex,bge-base,cached-mnrl,dev,44,CA-HNM-label-only,MRR@10,500,0.15654603174603177
mooccubex,bge-base,cached-mnrl,dev,44,CA-HNM-label-only,MAP@100,500,0.15284197443688133
mooccubex,bge-base,cached-mnrl,dev,44,CA-HNM-label-only,Recall@100,500,0.5417750083250084
mooccubex,bge-base,cached-mnrl,dev,44,CA-HNM-matched-mixed,NDCG@10,500,0.29763176682475634
mooccubex,bge-base,cached-mnrl,dev,44,CA-HNM-matched-mixed,MRR@10,500,0.27701984126984125
mooccubex,bge-base,cached-mnrl,dev,44,CA-HNM-matched-mixed,MAP@100,500,0.26981036510380807
mooccubex,bge-base,cached-mnrl,dev,44,CA-HNM-matched-mixed,Recall@100,500,0.8254201825951826
mooccubex,bge-base,cached-mnrl,dev,44,CA-HNM-mixed,NDCG@10,500,0.2770852726261015
mooccubex,bge-base,cached-mnrl,dev,44,CA-HNM-mixed,MRR@10,500,0.25205555555555553
mooccubex,bge-base,cached-mnrl,dev,44,CA-HNM-mixed,MAP@100,500,0.24953496386470692
mooccubex,bge-base,cached-mnrl,dev,44,CA-HNM-mixed,Recall@100,500,0.8296872766122766
mooccubex,bge-base,cached-mnrl,dev,44,CA-HNM-no-ontology,NDCG@10,500,0.22228823546910495
mooccubex,bge-base,cached-mnrl,dev,44,CA-HNM-no-ontology,MRR@10,500,0.20779761904761904
mooccubex,bge-base,cached-mnrl,dev,44,CA-HNM-no-ontology,MAP@100,500,0.20246676812390701
mooccubex,bge-base,cached-mnrl,dev,44,CA-HNM-no-ontology,Recall@100,500,0.6281137751137751
mooccubex,bge-base,cached-mnrl,dev,44,CA-HNM-rank-matched,NDCG@10,500,0.15429183301743746
mooccubex,bge-base,cached-mnrl,dev,44,CA-HNM-rank-matched,MRR@10,500,0.13935396825396826
mooccubex,bge-base,cached-mnrl,dev,44,CA-HNM-rank-matched,MAP@100,500,0.14071596000615197
mooccubex,bge-base,cached-mnrl,dev,44,CA-HNM-rank-matched,Recall@100,500,0.5135306554556555
mooccubex,bge-base,cached-mnrl,dev,44,CA-HNM-shuffled-graph,NDCG@10,500,0.18045712118906948
mooccubex,bge-base,cached-mnrl,dev,44,CA-HNM-shuffled-graph,MRR@10,500,0.16594444444444445
mooccubex,bge-base,cached-mnrl,dev,44,CA-HNM-shuffled-graph,MAP@100,500,0.15533743584298548
mooccubex,bge-base,cached-mnrl,dev,44,CA-HNM-shuffled-graph,Recall@100,500,0.5767827339327339
mooccubex,bge-base,cached-mnrl,dev,44,DPR-Random,NDCG@10,500,0.29294071091895324
mooccubex,bge-base,cached-mnrl,dev,44,DPR-Random,MRR@10,500,0.26534444444444444
mooccubex,bge-base,cached-mnrl,dev,44,DPR-Random,MAP@100,500,0.2689209074020106
mooccubex,bge-base,cached-mnrl,dev,44,DPR-Random,Recall@100,500,0.8949287795537796
mooccubex,bge-base,cached-mnrl,dev,44,DenseNeg,NDCG@10,500,0.29383218261077754
mooccubex,bge-base,cached-mnrl,dev,44,DenseNeg,MRR@10,500,0.27948968253968254
mooccubex,bge-base,cached-mnrl,dev,44,DenseNeg,MAP@100,500,0.26431022710130614
mooccubex,bge-base,cached-mnrl,dev,44,DenseNeg,Recall@100,500,0.711839047064047
mooccubex,bge-base,cached-mnrl,dev,55,CA-HNM-full,NDCG@10,500,0.15484650494351265
mooccubex,bge-base,cached-mnrl,dev,55,CA-HNM-full,MRR@10,500,0.14133809523809523
mooccubex,bge-base,cached-mnrl,dev,55,CA-HNM-full,MAP@100,500,0.13769720620934597
mooccubex,bge-base,cached-mnrl,dev,55,CA-HNM-full,Recall@100,500,0.5598477688977689
mooccubex,bge-base,cached-mnrl,dev,55,CA-HNM-label-only,NDCG@10,500,0.16784831709101763
mooccubex,bge-base,cached-mnrl,dev,55,CA-HNM-label-only,MRR@10,500,0.15372301587301587
mooccubex,bge-base,cached-mnrl,dev,55,CA-HNM-label-only,MAP@100,500,0.15227820109162254
mooccubex,bge-base,cached-mnrl,dev,55,CA-HNM-label-only,Recall@100,500,0.5153733100233101
mooccubex,bge-base,cached-mnrl,dev,55,CA-HNM-matched-mixed,NDCG@10,500,0.2933819894923526
mooccubex,bge-base,cached-mnrl,dev,55,CA-HNM-matched-mixed,MRR@10,500,0.2700420634920635
mooccubex,bge-base,cached-mnrl,dev,55,CA-HNM-matched-mixed,MAP@100,500,0.26382706801375083
mooccubex,bge-base,cached-mnrl,dev,55,CA-HNM-matched-mixed,Recall@100,500,0.8084130258630259
mooccubex,bge-base,cached-mnrl,dev,55,CA-HNM-mixed,NDCG@10,500,0.31526626897603427
mooccubex,bge-base,cached-mnrl,dev,55,CA-HNM-mixed,MRR@10,500,0.29940158730158734
mooccubex,bge-base,cached-mnrl,dev,55,CA-HNM-mixed,MAP@100,500,0.2900089562445711
mooccubex,bge-base,cached-mnrl,dev,55,CA-HNM-mixed,Recall@100,500,0.7921812715062715
mooccubex,bge-base,cached-mnrl,dev,55,CA-HNM-no-ontology,NDCG@10,500,0.18627210621576848
mooccubex,bge-base,cached-mnrl,dev,55,CA-HNM-no-ontology,MRR@10,500,0.17510317460317462
mooccubex,bge-base,cached-mnrl,dev,55,CA-HNM-no-ontology,MAP@100,500,0.1631643527965301
mooccubex,bge-base,cached-mnrl,dev,55,CA-HNM-no-ontology,Recall@100,500,0.5627506993006993
mooccubex,bge-base,cached-mnrl,dev,55,CA-HNM-rank-matched,NDCG@10,500,0.16450406439011397
mooccubex,bge-base,cached-mnrl,dev,55,CA-HNM-rank-matched,MRR@10,500,0.15081825396825396
mooccubex,bge-base,cached-mnrl,dev,55,CA-HNM-rank-matched,MAP@100,500,0.14642380500429206
mooccubex,bge-base,cached-mnrl,dev,55,CA-HNM-rank-matched,Recall@100,500,0.5050473304473304
mooccubex,bge-base,cached-mnrl,dev,55,CA-HNM-shuffled-graph,NDCG@10,500,0.20115333163514632
mooccubex,bge-base,cached-mnrl,dev,55,CA-HNM-shuffled-graph,MRR@10,500,0.1920626984126984
mooccubex,bge-base,cached-mnrl,dev,55,CA-HNM-shuffled-graph,MAP@100,500,0.1792038574263199
mooccubex,bge-base,cached-mnrl,dev,55,CA-HNM-shuffled-graph,Recall@100,500,0.5784500582750582
mooccubex,bge-base,cached-mnrl,dev,55,DPR-Random,NDCG@10,500,0.3249730942550496
mooccubex,bge-base,cached-mnrl,dev,55,DPR-Random,MRR@10,500,0.29726825396825396
mooccubex,bge-base,cached-mnrl,dev,55,DPR-Random,MAP@100,500,0.2972981101683342
mooccubex,bge-base,cached-mnrl,dev,55,DPR-Random,Recall@100,500,0.8804455821955822
mooccubex,bge-base,cached-mnrl,dev,55,DenseNeg,NDCG@10,500,0.28891464875157136
mooccubex,bge-base,cached-mnrl,dev,55,DenseNeg,MRR@10,500,0.28008571428571427
mooccubex,bge-base,cached-mnrl,dev,55,DenseNeg,MAP@100,500,0.2627234974659102
mooccubex,bge-base,cached-mnrl,dev,55,DenseNeg,Recall@100,500,0.6923622072372072
mooccubex,bge-base,cached-mnrl,dev,66,CA-HNM-full,NDCG@10,500,0.1796581469593231
mooccubex,bge-base,cached-mnrl,dev,66,CA-HNM-full,MRR@10,500,0.15975555555555557
mooccubex,bge-base,cached-mnrl,dev,66,CA-HNM-full,MAP@100,500,0.15290433339145543
mooccubex,bge-base,cached-mnrl,dev,66,CA-HNM-full,Recall@100,500,0.53508556998557
mooccubex,bge-base,cached-mnrl,dev,66,CA-HNM-label-only,NDCG@10,500,0.18927677916712457
mooccubex,bge-base,cached-mnrl,dev,66,CA-HNM-label-only,MRR@10,500,0.17157539682539683
mooccubex,bge-base,cached-mnrl,dev,66,CA-HNM-label-only,MAP@100,500,0.1648923375205679
mooccubex,bge-base,cached-mnrl,dev,66,CA-HNM-label-only,Recall@100,500,0.6047552086802086
mooccubex,bge-base,cached-mnrl,dev,66,CA-HNM-matched-mixed,NDCG@10,500,0.2923053719779304
mooccubex,bge-base,cached-mnrl,dev,66,CA-HNM-matched-mixed,MRR@10,500,0.2753936507936508
mooccubex,bge-base,cached-mnrl,dev,66,CA-HNM-matched-mixed,MAP@100,500,0.26537374573306904
mooccubex,bge-base,cached-mnrl,dev,66,CA-HNM-matched-mixed,Recall@100,500,0.7995514457764458
mooccubex,bge-base,cached-mnrl,dev,66,CA-HNM-mixed,NDCG@10,500,0.2799450834811456
mooccubex,bge-base,cached-mnrl,dev,66,CA-HNM-mixed,MRR@10,500,0.26821746031746035
mooccubex,bge-base,cached-mnrl,dev,66,CA-HNM-mixed,MAP@100,500,0.26005077339878774
mooccubex,bge-base,cached-mnrl,dev,66,CA-HNM-mixed,Recall@100,500,0.7942652458652459
mooccubex,bge-base,cached-mnrl,dev,66,CA-HNM-no-ontology,NDCG@10,500,0.1676216022175863
mooccubex,bge-base,cached-mnrl,dev,66,CA-HNM-no-ontology,MRR@10,500,0.1545301587301587
mooccubex,bge-base,cached-mnrl,dev,66,CA-HNM-no-ontology,MAP@100,500,0.15007355918390186
mooccubex,bge-base,cached-mnrl,dev,66,CA-HNM-no-ontology,Recall@100,500,0.5019385114885115
mooccubex,bge-base,cached-mnrl,dev,66,CA-HNM-rank-matched,NDCG@10,500,0.15836517273505432
mooccubex,bge-base,cached-mnrl,dev,66,CA-HNM-rank-matched,MRR@10,500,0.14656349206349206
mooccubex,bge-base,cached-mnrl,dev,66,CA-HNM-rank-matched,MAP@100,500,0.14108777529590982
mooccubex,bge-base,cached-mnrl,dev,66,CA-HNM-rank-matched,Recall@100,500,0.5197978798978798
mooccubex,bge-base,cached-mnrl,dev,66,CA-HNM-shuffled-graph,NDCG@10,500,0.1808924332199435
mooccubex,bge-base,cached-mnrl,dev,66,CA-HNM-shuffled-graph,MRR@10,500,0.15770873015873016
mooccubex,bge-base,cached-mnrl,dev,66,CA-HNM-shuffled-graph,MAP@100,500,0.15584220754224337
mooccubex,bge-base,cached-mnrl,dev,66,CA-HNM-shuffled-graph,Recall@100,500,0.5393849067599068
mooccubex,bge-base,cached-mnrl,dev,66,DPR-Random,NDCG@10,500,0.3053857854544689
mooccubex,bge-base,cached-mnrl,dev,66,DPR-Random,MRR@10,500,0.28376666666666667
mooccubex,bge-base,cached-mnrl,dev,66,DPR-Random,MAP@100,500,0.27903314238133375
mooccubex,bge-base,cached-mnrl,dev,66,DPR-Random,Recall@100,500,0.8766253024753025
mooccubex,bge-base,cached-mnrl,dev,66,DenseNeg,NDCG@10,500,0.29494798017031104
mooccubex,bge-base,cached-mnrl,dev,66,DenseNeg,MRR@10,500,0.2857055555555556
mooccubex,bge-base,cached-mnrl,dev,66,DenseNeg,MAP@100,500,0.27628889451673744
mooccubex,bge-base,cached-mnrl,dev,66,DenseNeg,Recall@100,500,0.7492755772005772
mooccubex,bge-base,cached-mnrl,dev,77,CA-HNM-full,NDCG@10,500,0.1566642905288872
mooccubex,bge-base,cached-mnrl,dev,77,CA-HNM-full,MRR@10,500,0.15026507936507938
mooccubex,bge-base,cached-mnrl,dev,77,CA-HNM-full,MAP@100,500,0.1408039637832618
mooccubex,bge-base,cached-mnrl,dev,77,CA-HNM-full,Recall@100,500,0.5556733988233987
mooccubex,bge-base,cached-mnrl,dev,77,CA-HNM-label-only,NDCG@10,500,0.1861685725935155
mooccubex,bge-base,cached-mnrl,dev,77,CA-HNM-label-only,MRR@10,500,0.16672777777777778
mooccubex,bge-base,cached-mnrl,dev,77,CA-HNM-label-only,MAP@100,500,0.15726815025748855
mooccubex,bge-base,cached-mnrl,dev,77,CA-HNM-label-only,Recall@100,500,0.5607729215229215
mooccubex,bge-base,cached-mnrl,dev,77,CA-HNM-matched-mixed,NDCG@10,500,0.2787094155490775
mooccubex,bge-base,cached-mnrl,dev,77,CA-HNM-matched-mixed,MRR@10,500,0.2596666666666667
mooccubex,bge-base,cached-mnrl,dev,77,CA-HNM-matched-mixed,MAP@100,500,0.253238248785729
mooccubex,bge-base,cached-mnrl,dev,77,CA-HNM-matched-mixed,Recall@100,500,0.7924799006549007
mooccubex,bge-base,cached-mnrl,dev,77,CA-HNM-mixed,NDCG@10,500,0.3076892472566236
mooccubex,bge-base,cached-mnrl,dev,77,CA-HNM-mixed,MRR@10,500,0.2926301587301587
mooccubex,bge-base,cached-mnrl,dev,77,CA-HNM-mixed,MAP@100,500,0.27794864708684447
mooccubex,bge-base,cached-mnrl,dev,77,CA-HNM-mixed,Recall@100,500,0.8290137806637806
mooccubex,bge-base,cached-mnrl,dev,77,CA-HNM-no-ontology,NDCG@10,500,0.1802627115575704
mooccubex,bge-base,cached-mnrl,dev,77,CA-HNM-no-ontology,MRR@10,500,0.16373015873015873
mooccubex,bge-base,cached-mnrl,dev,77,CA-HNM-no-ontology,MAP@100,500,0.16188916252378285
mooccubex,bge-base,cached-mnrl,dev,77,CA-HNM-no-ontology,Recall@100,500,0.587105266955267
mooccubex,bge-base,cached-mnrl,dev,77,CA-HNM-rank-matched,NDCG@10,500,0.15920307871502493
mooccubex,bge-base,cached-mnrl,dev,77,CA-HNM-rank-matched,MRR@10,500,0.1418111111111111
mooccubex,bge-base,cached-mnrl,dev,77,CA-HNM-rank-matched,MAP@100,500,0.13729158882957465
mooccubex,bge-base,cached-mnrl,dev,77,CA-HNM-rank-matched,Recall@100,500,0.5395438311688312
mooccubex,bge-base,cached-mnrl,dev,77,CA-HNM-shuffled-graph,NDCG@10,500,0.17690477147042225
mooccubex,bge-base,cached-mnrl,dev,77,CA-HNM-shuffled-graph,MRR@10,500,0.16227460317460318
mooccubex,bge-base,cached-mnrl,dev,77,CA-HNM-shuffled-graph,MAP@100,500,0.15145193145283847
mooccubex,bge-base,cached-mnrl,dev,77,CA-HNM-shuffled-graph,Recall@100,500,0.5797815295815295
mooccubex,bge-base,cached-mnrl,dev,77,DPR-Random,NDCG@10,500,0.3255418858165697
mooccubex,bge-base,cached-mnrl,dev,77,DPR-Random,MRR@10,500,0.3033642857142857
mooccubex,bge-base,cached-mnrl,dev,77,DPR-Random,MAP@100,500,0.2977475770756353
mooccubex,bge-base,cached-mnrl,dev,77,DPR-Random,Recall@100,500,0.9128141913641914
mooccubex,bge-base,cached-mnrl,dev,77,DenseNeg,NDCG@10,500,0.3142191341473032
mooccubex,bge-base,cached-mnrl,dev,77,DenseNeg,MRR@10,500,0.29337619047619046
mooccubex,bge-base,cached-mnrl,dev,77,DenseNeg,MAP@100,500,0.27892839898244004
mooccubex,bge-base,cached-mnrl,dev,77,DenseNeg,Recall@100,500,0.7209316100566101
mooccubex,bge-base,cached-mnrl,dev,88,CA-HNM-full,NDCG@10,500,0.14423293820628635
mooccubex,bge-base,cached-mnrl,dev,88,CA-HNM-full,MRR@10,500,0.13337142857142856
mooccubex,bge-base,cached-mnrl,dev,88,CA-HNM-full,MAP@100,500,0.12994033731144541
mooccubex,bge-base,cached-mnrl,dev,88,CA-HNM-full,Recall@100,500,0.5946094488844489
mooccubex,bge-base,cached-mnrl,dev,88,CA-HNM-label-only,NDCG@10,500,0.15541136640000588
mooccubex,bge-base,cached-mnrl,dev,88,CA-HNM-label-only,MRR@10,500,0.13955238095238096
mooccubex,bge-base,cached-mnrl,dev,88,CA-HNM-label-only,MAP@100,500,0.13467464502041457
mooccubex,bge-base,cached-mnrl,dev,88,CA-HNM-label-only,Recall@100,500,0.5438304612054612
mooccubex,bge-base,cached-mnrl,dev,88,CA-HNM-matched-mixed,NDCG@10,500,0.2999035244577185
mooccubex,bge-base,cached-mnrl,dev,88,CA-HNM-matched-mixed,MRR@10,500,0.2797222222222222
mooccubex,bge-base,cached-mnrl,dev,88,CA-HNM-matched-mixed,MAP@100,500,0.27423770927005203
mooccubex,bge-base,cached-mnrl,dev,88,CA-HNM-matched-mixed,Recall@100,500,0.8114802253302253
mooccubex,bge-base,cached-mnrl,dev,88,CA-HNM-mixed,NDCG@10,500,0.2877455196246772
mooccubex,bge-base,cached-mnrl,dev,88,CA-HNM-mixed,MRR@10,500,0.2689587301587301
mooccubex,bge-base,cached-mnrl,dev,88,CA-HNM-mixed,MAP@100,500,0.26000838893812966
mooccubex,bge-base,cached-mnrl,dev,88,CA-HNM-mixed,Recall@100,500,0.8234870324120324
mooccubex,bge-base,cached-mnrl,dev,88,CA-HNM-no-ontology,NDCG@10,500,0.18369013526565559
mooccubex,bge-base,cached-mnrl,dev,88,CA-HNM-no-ontology,MRR@10,500,0.1656793650793651
mooccubex,bge-base,cached-mnrl,dev,88,CA-HNM-no-ontology,MAP@100,500,0.15704826593079413
mooccubex,bge-base,cached-mnrl,dev,88,CA-HNM-no-ontology,Recall@100,500,0.5825979131979132
mooccubex,bge-base,cached-mnrl,dev,88,CA-HNM-rank-matched,NDCG@10,500,0.14565352724271605
mooccubex,bge-base,cached-mnrl,dev,88,CA-HNM-rank-matched,MRR@10,500,0.13465079365079363
mooccubex,bge-base,cached-mnrl,dev,88,CA-HNM-rank-matched,MAP@100,500,0.13392007121934843
mooccubex,bge-base,cached-mnrl,dev,88,CA-HNM-rank-matched,Recall@100,500,0.5559775613275614
mooccubex,bge-base,cached-mnrl,dev,88,CA-HNM-shuffled-graph,NDCG@10,500,0.1643892087788613
mooccubex,bge-base,cached-mnrl,dev,88,CA-HNM-shuffled-graph,MRR@10,500,0.15333174603174604
mooccubex,bge-base,cached-mnrl,dev,88,CA-HNM-shuffled-graph,MAP@100,500,0.1467205970864397
mooccubex,bge-base,cached-mnrl,dev,88,CA-HNM-shuffled-graph,Recall@100,500,0.5934345515595516
mooccubex,bge-base,cached-mnrl,dev,88,DPR-Random,NDCG@10,500,0.3322437015773409
mooccubex,bge-base,cached-mnrl,dev,88,DPR-Random,MRR@10,500,0.30613412698412695
mooccubex,bge-base,cached-mnrl,dev,88,DPR-Random,MAP@100,500,0.29855150835436856
mooccubex,bge-base,cached-mnrl,dev,88,DPR-Random,Recall@100,500,0.8789785270285271
mooccubex,bge-base,cached-mnrl,dev,88,DenseNeg,NDCG@10,500,0.32228042982030386
mooccubex,bge-base,cached-mnrl,dev,88,DenseNeg,MRR@10,500,0.30067857142857146
mooccubex,bge-base,cached-mnrl,dev,88,DenseNeg,MAP@100,500,0.2797542774932873
mooccubex,bge-base,cached-mnrl,dev,88,DenseNeg,Recall@100,500,0.7078247391497391
mooccubex,bge-base,cached-mnrl,dev,99,CA-HNM-full,NDCG@10,500,0.20614460952649596
mooccubex,bge-base,cached-mnrl,dev,99,CA-HNM-full,MRR@10,500,0.19259841269841269
mooccubex,bge-base,cached-mnrl,dev,99,CA-HNM-full,MAP@100,500,0.18024588237440278
mooccubex,bge-base,cached-mnrl,dev,99,CA-HNM-full,Recall@100,500,0.5500871045621045
mooccubex,bge-base,cached-mnrl,dev,99,CA-HNM-label-only,NDCG@10,500,0.17395035352034047
mooccubex,bge-base,cached-mnrl,dev,99,CA-HNM-label-only,MRR@10,500,0.16018174603174604
mooccubex,bge-base,cached-mnrl,dev,99,CA-HNM-label-only,MAP@100,500,0.1609615610749312
mooccubex,bge-base,cached-mnrl,dev,99,CA-HNM-label-only,Recall@100,500,0.58053219003219
mooccubex,bge-base,cached-mnrl,dev,99,CA-HNM-matched-mixed,NDCG@10,500,0.2831310296627509
mooccubex,bge-base,cached-mnrl,dev,99,CA-HNM-matched-mixed,MRR@10,500,0.26620714285714286
mooccubex,bge-base,cached-mnrl,dev,99,CA-HNM-matched-mixed,MAP@100,500,0.26170368568795577
mooccubex,bge-base,cached-mnrl,dev,99,CA-HNM-matched-mixed,Recall@100,500,0.7737672383172384
mooccubex,bge-base,cached-mnrl,dev,99,CA-HNM-mixed,NDCG@10,500,0.32468245851226457
mooccubex,bge-base,cached-mnrl,dev,99,CA-HNM-mixed,MRR@10,500,0.3127952380952381
mooccubex,bge-base,cached-mnrl,dev,99,CA-HNM-mixed,MAP@100,500,0.29989513903527837
mooccubex,bge-base,cached-mnrl,dev,99,CA-HNM-mixed,Recall@100,500,0.8302402985902986
mooccubex,bge-base,cached-mnrl,dev,99,CA-HNM-no-ontology,NDCG@10,500,0.1834026288208992
mooccubex,bge-base,cached-mnrl,dev,99,CA-HNM-no-ontology,MRR@10,500,0.1658690476190476
mooccubex,bge-base,cached-mnrl,dev,99,CA-HNM-no-ontology,MAP@100,500,0.1618978269653782
mooccubex,bge-base,cached-mnrl,dev,99,CA-HNM-no-ontology,Recall@100,500,0.5781183039183039
mooccubex,bge-base,cached-mnrl,dev,99,CA-HNM-rank-matched,NDCG@10,500,0.17130731008120248
mooccubex,bge-base,cached-mnrl,dev,99,CA-HNM-rank-matched,MRR@10,500,0.16086666666666669
mooccubex,bge-base,cached-mnrl,dev,99,CA-HNM-rank-matched,MAP@100,500,0.15763178064568945
mooccubex,bge-base,cached-mnrl,dev,99,CA-HNM-rank-matched,Recall@100,500,0.560488122988123
mooccubex,bge-base,cached-mnrl,dev,99,CA-HNM-shuffled-graph,NDCG@10,500,0.16589159972230905
mooccubex,bge-base,cached-mnrl,dev,99,CA-HNM-shuffled-graph,MRR@10,500,0.15105396825396827
mooccubex,bge-base,cached-mnrl,dev,99,CA-HNM-shuffled-graph,MAP@100,500,0.14882057608904942
mooccubex,bge-base,cached-mnrl,dev,99,CA-HNM-shuffled-graph,Recall@100,500,0.5624953685203685
mooccubex,bge-base,cached-mnrl,dev,99,DPR-Random,NDCG@10,500,0.3482412404924302
mooccubex,bge-base,cached-mnrl,dev,99,DPR-Random,MRR@10,500,0.3180706349206349
mooccubex,bge-base,cached-mnrl,dev,99,DPR-Random,MAP@100,500,0.3092903345714836
mooccubex,bge-base,cached-mnrl,dev,99,DPR-Random,Recall@100,500,0.8642437562437563
mooccubex,bge-base,cached-mnrl,dev,99,DenseNeg,NDCG@10,500,0.31147326238558964
mooccubex,bge-base,cached-mnrl,dev,99,DenseNeg,MRR@10,500,0.29055238095238095
mooccubex,bge-base,cached-mnrl,dev,99,DenseNeg,MAP@100,500,0.27514117268981664
mooccubex,bge-base,cached-mnrl,dev,99,DenseNeg,Recall@100,500,0.7119469114219114
